Site,Date,Location,Water Temperature_C,Air Temperature_C,pH_ph,Conductivity_uS/cm2,Dissolved Oxygen_mg/L,Chlorophyll-a_ug/L,Total Microcystins_ug/L,Dissolved Microcystins_ug/L,Nitrate+Nitrite_umol/L,Ammonium_umol/L,Nitrite_umol/L,Soluble Reactive Phosphorus_umol/L,Silicate_umol/L,Nitrate_umol/L,Total Phosphorus_umol/L,Total Kjehldahl Nitrogen_umol/L,Total Nitrogen_umol/L,TN:TP_ratio,Fluoroprobe Green Algae_ug/L,Fluoroprobe Bluegreen Algae_ug/L,Fluoroprobe Diatoms_ug/L,Fluoroprobe Cryptophyta_ug/L,Fluoroprobe Total Chlorophyll_ug/L
ODNR 4,2017-06-08,Inner Bay,22.18,NA,10.82,430,2.18,44.19,11.72153641,NA,242.740974,2.570198548,0,0.290568514,21.42857143,242.740974,3.55139295,NA,NA,NA,NA,NA,NA,NA,NA
ODNR 6,2017-06-08,Inner Bay,21.86,NA,11.02,400,2.24,58.26333333,9.924154999,NA,251.3083025,2.641592952,0,0.290568514,31.42857143,251.3083025,3.196253655,NA,NA,NA,NA,NA,NA,NA,NA
Bridge,2017-06-08,Inner Bay,NA,NA,NA,0,NA,30.47333333,13.35242379,NA,120.6565429,2.570198548,0,0.161426952,35.35714286,120.6565429,3.131682874,NA,NA,NA,NA,NA,NA,NA,NA
ODNR 2,2017-06-08,Outer Bay,21.72,NA,11.08,390,2.2,48.04666667,15.10054381,NA,101.3800538,2.42740974,0,0.129141562,53.21428571,101.3800538,3.131682874,NA,NA,NA,NA,NA,NA,NA,NA
Buoy 2,2017-06-08,Outer Bay,NA,NA,NA,0,NA,20.69333333,17.45236667,NA,72.82229219,2.641592952,0,0.161426952,42.5,72.82229219,2.582831236,NA,NA,NA,NA,NA,NA,NA,NA
ODNR 1,2017-06-08,Outer Bay,21.08,NA,11.02,370,2.15,49.42333333,13.49816518,NA,89.24300513,3.855297822,0,0.096856171,37.14285714,89.24300513,2.776543579,NA,NA,NA,NA,NA,NA,NA,NA
EC 1163,2017-06-08,Outer Bay,20.93,NA,10.86,390,2.08,22.75666667,12.73884467,NA,102.8079419,2.712987356,0,0.129141562,51.07142857,102.8079419,2.227691941,NA,NA,NA,NA,NA,NA,NA,NA
Bells,2017-06-08,Lake Erie,NA,NA,NA,0,NA,5.83,1.071998728,NA,62.11313157,2.570198548,0,0.129141562,41.78571429,62.11313157,0.451995466,NA,NA,NA,NA,NA,NA,NA,NA
ODNR 4,2017-06-19,Inner Bay,25.04,NA,10.38,430,NA,81.935,9.852590928,NA,62.11313157,2.498804144,0,0.258283124,63.21428571,62.11313157,6.005082624,NA,NA,NA,NA,NA,NA,NA,NA
ODNR 6,2017-06-19,Inner Bay,24.91,NA,10.52,410,NA,31.525,24.79100031,NA,241.3130859,2.570198548,0,0.225997733,34.64285714,241.3130859,6.198794967,NA,NA,NA,NA,NA,NA,NA,NA
Bridge,2017-06-19,Inner Bay,25.04,NA,10.51,390,NA,37.82,19.1740767,NA,35.69720205,2.42740974,0,0.225997733,90.35714286,35.69720205,5.165662473,NA,NA,NA,NA,NA,NA,NA,NA
ODNR 2,2017-06-19,Outer Bay,24.94,NA,10.67,370,NA,39.21,9.888308223,NA,14.99282486,2.42740974,0,0.258283124,88.92857143,14.99282486,3.55139295,NA,NA,NA,NA,NA,NA,NA,NA
Buoy 2,2017-06-19,Outer Bay,24.12,NA,10.5,340,NA,30.85666667,20.24359375,NA,42.12269842,2.42740974,0,0.193712343,88.92857143,42.12269842,3.389965998,NA,NA,NA,NA,NA,NA,NA,NA
ODNR 1,2017-06-19,Outer Bay,25.18,NA,10.69,370,NA,52.55,16.95438264,NA,39.9808663,2.284620931,0,0.258283124,103.2142857,39.9808663,4.681381616,NA,NA,NA,NA,NA,NA,NA,NA
EC 1163,2017-06-19,Outer Bay,23.65,NA,10.48,340,NA,12.05,21.29556773,NA,37.83903418,2.498804144,0,0.193712343,98.57142857,37.83903418,3.228539045,NA,NA,NA,NA,NA,NA,NA,NA
Bells,2017-06-19,Lake Erie,22.01,NA,10.03,310,NA,23.62333333,13.35242379,NA,32.12748185,2.42740974,0,0.161426952,50.71428571,32.12748185,1.775696475,NA,NA,NA,NA,NA,NA,NA,NA
ODNR 4,2017-06-26,Inner Bay,21.5,22,10.91,440,NA,76.37333333,18.03010353,NA,33.55536993,2.570198548,0,0.258283124,145.3571429,33.55536993,10.00847104,NA,NA,NA,NA,NA,NA,NA,NA
ODNR 6,2017-06-26,Inner Bay,21.26,21.7,10.82,440,NA,88.74666667,25.79770246,NA,96.38244554,2.712987356,0,0.290568514,66.78571429,96.38244554,6.683075824,NA,NA,NA,NA,NA,NA,NA,NA
Bridge,2017-06-26,Inner Bay,25.62,NA,NA,0,NA,70.37666667,23.31190748,NA,62.82707561,2.498804144,0,0.258283124,46.07142857,62.82707561,5.649943329,NA,NA,NA,NA,NA,NA,NA,NA
ODNR 2,2017-06-26,Outer Bay,21.5,21.8,10.98,360,NA,60.69333333,23.7375301,NA,35.69720205,2.570198548,0,0.161426952,86.07142857,35.69720205,4.939664739,NA,NA,NA,NA,NA,NA,NA,NA
Buoy 2,2017-06-26,Outer Bay,21.48,22.7,10.99,330,NA,42.37,12.42021853,NA,18.56254507,2.712987356,0,0.322853905,107.8571429,18.56254507,3.874246854,NA,NA,NA,NA,NA,NA,NA,NA
ODNR 1,2017-06-26,Outer Bay,21.51,21.8,11.04,340,NA,36.58333333,20.61319591,NA,12.1370487,2.570198548,0,0.225997733,111.4285714,12.1370487,5.553087158,NA,NA,NA,NA,NA,NA,NA,NA
EC 1163,2017-06-26,Outer Bay,20.79,21.2,10.63,310,NA,23.91666667,17.45236667,NA,31.41353781,2.712987356,0,0.290568514,82.85714286,31.41353781,2.80882897,NA,NA,NA,NA,NA,NA,NA,NA
Bells,2017-06-26,Lake Erie,20.38,20.7,10.25,290,NA,44.79,5.008086394,NA,41.40875438,2.927170568,0,0.193712343,43.21428571,41.40875438,1.42055718,NA,NA,NA,NA,NA,NA,NA,NA
ODNR 4,2017-07-17,Inner Bay,23.44,NA,8.88,230,9.12,7.37,NA,NA,176.3441781,7.99617326,2.141832123,2.711972798,236.7857143,174.202346,7.554781366,NA,NA,NA,NA,NA,NA,NA,NA
ODNR 6,2017-07-17,Inner Bay,24.3,NA,8.94,220,7.89,8.153333333,NA,NA,184.1975626,18.49115066,3.569720205,2.227691941,184.6428571,180.6278424,6.457078091,NA,NA,NA,NA,NA,NA,NA,NA
Bridge,2017-07-17,Inner Bay,24.66,NA,9.67,380,10.52,120.55,NA,NA,192.050947,5.854341137,4.997608287,0.613422419,147.8571429,187.0533388,6.101938796,NA,NA,NA,NA,NA,NA,NA,NA
ODNR 2,2017-07-17,Outer Bay,25.35,NA,9.58,340,11.24,96.22666667,NA,NA,201.3322196,2.641592952,4.997608287,0.419710076,153.2142857,196.3346113,5.649943329,NA,NA,NA,NA,NA,NA,NA,NA
Buoy 2,2017-07-17,Outer Bay,NA,NA,10.11,390,14.8,NA,NA,NA,214.8971564,9.56685015,5.711552329,0.774849371,65.35714286,209.185604,5.617657939,NA,NA,NA,NA,NA,NA,NA,NA
ODNR 1,2017-07-17,Outer Bay,25.63,NA,10.26,410,16.3,155.7533333,NA,NA,37.83903418,1.57067689,0.713944041,0.225997733,13.21428571,37.12509014,5.617657939,NA,NA,NA,NA,NA,NA,NA,NA
EC 1163,2017-07-17,Outer Bay,26.16,NA,10.13,390,13.58,130.2366667,NA,NA,64.96890774,1.642071294,2.141832123,0.290568514,51.42857143,62.82707561,6.005082624,NA,NA,NA,NA,NA,NA,NA,NA
Bells,2017-07-17,Lake Erie,25.3,NA,9.58,280,11.64,108.7533333,NA,NA,25.70198548,46.12078505,0.713944041,0.484280857,32.14285714,24.98804144,1.807981865,NA,NA,NA,NA,NA,NA,NA,NA
ODNR 4,2017-07-31,Inner Bay,23.48,NA,9.75,390,10.84,166.6666667,NA,NA,60.68524349,3.355536993,2.141832123,0.516566247,130.7142857,58.54341137,5.068806301,NA,NA,NA,NA,NA,NA,NA,NA
ODNR 6,2017-07-31,Inner Bay,23.55,NA,10.32,280,16.72,172.2933333,NA,NA,81.38962068,2.141832123,4.283664246,0.258283124,14.64285714,77.10595644,4.229386149,NA,NA,NA,NA,NA,NA,NA,NA
Bridge,2017-07-31,Inner Bay,24.3,NA,10.42,280,15.14,129.8833333,NA,NA,77.10595644,3.069959377,3.569720205,0.290568514,16.42857143,73.53623623,3.841961464,NA,NA,NA,NA,NA,NA,NA,NA
ODNR 2,2017-07-31,Outer Bay,24.19,NA,10.41,280,15.74,137.5333333,NA,NA,72.10834815,2.570198548,2.855776164,0.322853905,16.78571429,69.25257198,3.58367834,NA,NA,NA,NA,NA,NA,NA,NA
Buoy 2,2017-07-31,Outer Bay,24.51,NA,10.38,330,17.7,89.41366667,NA,NA,39.26692226,2.070437719,2.141832123,0.161426952,2.142857143,37.12509014,4.26167154,NA,NA,NA,NA,NA,NA,NA,NA
ODNR 1,2017-07-31,Outer Bay,25.08,NA,10.69,290,20.93,65.00666667,NA,NA,45.69241863,2.141832123,2.141832123,0.290568514,15.35714286,43.55058651,3.325395217,NA,NA,NA,NA,NA,NA,NA,NA
EC 1163,2017-07-31,Outer Bay,24.68,NA,10.4,300,16.82,58.54666667,NA,NA,20.70437719,2.284620931,0.713944041,0.161426952,23.92857143,19.99043315,2.711972798,NA,NA,NA,NA,NA,NA,NA,NA
Bells,2017-07-31,Lake Erie,26.21,NA,9.72,280,11.73,13.08,NA,NA,16.42071294,1.285099274,0.713944041,0.290568514,33.21428571,15.7067689,1.033132495,NA,NA,NA,NA,NA,NA,NA,NA
ODNR 4,2017-08-14,Inner Bay,23.63,22,10.37,300,10.13,61.04333333,8.459890126,NA,0,3.641114609,0,0.613422419,8.571428571,0,6.4247927,NA,NA,NA,NA,NA,NA,NA,NA
ODNR 6,2017-08-14,Inner Bay,23.47,24,10.8,270,13.3,59.40333333,11.64431978,NA,0,2.712987356,0,0.484280857,3.928571429,0,6.4247927,NA,NA,NA,NA,NA,NA,NA,NA
Bridge,2017-08-14,Inner Bay,23.88,25,10.58,290,13.5,40.17666667,8.289119065,NA,0,1.285099274,0,0.193712343,22.14285714,0,4.745952397,NA,NA,NA,NA,NA,NA,NA,NA
ODNR 2,2017-08-14,Outer Bay,23.66,26,10.74,280,13.69,57.92,7.14989853,NA,0,1.713465699,0,0.451995466,32.67857143,0,4.390813102,NA,NA,NA,NA,NA,NA,NA,NA
Buoy 2,2017-08-14,Outer Bay,24.48,26,10.68,270,16.22,12.36,8.16330681,NA,0,2.498804144,0,0.419710076,28.92857143,0,3.615963731,NA,NA,NA,NA,NA,NA,NA,NA
ODNR 1,2017-08-14,Outer Bay,24.2,27,10.69,270,16.46,56.11333333,7.371984197,NA,0,2.712987356,0,0.290568514,19.28571429,0,4.003388416,NA,NA,NA,NA,NA,NA,NA,NA
EC 1163,2017-08-14,Outer Bay,24.44,27,10.42,270,14.57,50.13333333,3.878015458,NA,2.141832123,1.713465699,0,0.451995466,32.85714286,2.141832123,2.84111436,NA,NA,NA,NA,NA,NA,NA,NA
Bells,2017-08-14,Lake Erie,24.42,27,10,280,11.42,11.23,NA,NA,2.141832123,2.78438176,0.713944041,0.387424685,41.42857143,1.427888082,1.194559447,NA,NA,NA,NA,NA,NA,NA,NA
ODNR 4,2017-08-28,Inner Bay,22.26,20,10.67,340,10.74,56.66666667,5.9207768,NA,0,0.713944041,0,0.903990933,40,0,8.071347614,NA,NA,NA,NA,NA,NA,NA,NA
ODNR 6,2017-08-28,Inner Bay,22.19,22.2,10.96,300,11.98,59.50333333,4.427675422,NA,0,0.999521657,0,0.322853905,43.92857143,0,5.746799501,NA,NA,NA,NA,NA,NA,NA,NA
Bridge,2017-08-28,Inner Bay,22.42,22.8,10.72,310,10.76,38.76666667,8.604883798,NA,0.713944041,1.21370487,0,0.322853905,77.5,0.713944041,5.165662473,NA,NA,NA,NA,NA,NA,NA,NA
ODNR 2,2017-08-28,Outer Bay,22.65,22.8,10.99,290,12.7,31.25666667,7.101461935,NA,1.427888082,1.356493678,0,0.322853905,73.57142857,1.427888082,4.939664739,NA,NA,NA,NA,NA,NA,NA,NA
Buoy 2,2017-08-28,Outer Bay,22.44,22.2,10.57,280,11.34,21.86,5.301598345,NA,0.713944041,1.57067689,0,0.419710076,71.07142857,0.713944041,3.486822169,NA,NA,NA,NA,NA,NA,NA,NA
ODNR 1,2017-08-28,Outer Bay,22.39,22.2,10.46,290,11.44,40.52666667,2.614489311,NA,2.141832123,1.642071294,0.713944041,0.387424685,76.42857143,1.427888082,3.099397484,NA,NA,NA,NA,NA,NA,NA,NA
EC 1163,2017-08-28,Outer Bay,22.56,22.2,10.25,280,10.66,40.24,0.969121197,NA,0,1.070916062,0,0.225997733,40.35714286,0,2.066264989,NA,NA,NA,NA,NA,NA,NA,NA
Bells,2017-08-28,Lake Erie,23.06,21.1,10.26,270,11.47,14.91666667,NA,NA,0.713944041,0.856732849,0,0.322853905,22.14285714,0.713944041,1.581984132,NA,NA,NA,NA,NA,NA,NA,NA
Muddy Creek,2018-06-05,Inner Bay,21.8,20,8.34,519,7.98,NA,NA,NA,359.8277967,13.42214797,11.42310466,1.291415618,223.5714286,348.404692,11.12231701,NA,138.505144,12.45290382,NA,NA,NA,NA,NA
ODNR 4,2018-06-05,Inner Bay,21.93,19.4,9.31,448,12.53,NA,NA,NA,125.6541512,0.499760829,0,-0.03228539,66.07142857,125.6541512,5.456230987,NA,144.2166963,26.43155993,NA,NA,NA,NA,NA
ODNR 6,2018-06-05,Inner Bay,21.5,18.9,9.32,431,10.7,NA,NA,NA,0.713944041,0.928127253,0,0.096856171,40.35714286,0.713944041,4.752409475,NA,162.5650582,34.20687106,NA,NA,NA,NA,NA
Bridge,2018-06-05,Inner Bay,21.71,18.9,9.37,414,10.54,NA,NA,NA,1.427888082,0,0,0.096856171,43.21428571,1.427888082,5.543401541,NA,135.7207622,24.48329987,NA,NA,NA,NA,NA
ODNR 2,2018-06-05,Outer Bay,21.48,18.3,9.4,413,11.33,NA,NA,NA,0,0.285577616,0,0.03228539,38.92857143,0,5.566001314,NA,135.2923958,24.30692846,NA,NA,NA,NA,NA
Buoy 2,2018-06-05,Outer Bay,20.68,17.8,9.18,360,10.69,NA,NA,NA,2.855776164,0.571155233,0,0.064570781,42.85714286,2.855776164,3.706362824,NA,101.6656314,27.43002676,NA,NA,NA,NA,NA
ODNR 1,2018-06-05,Outer Bay,20.42,17.8,9.24,342,10.8,NA,NA,NA,1.427888082,0.356972021,0,0.129141562,46.07142857,1.427888082,2.886313907,NA,92.1701757,31.93352445,NA,NA,NA,NA,NA
EC 1163,2018-06-05,Outer Bay,19.18,17.8,8.65,274,10.12,NA,NA,NA,38.55297822,1.21370487,0,0,47.14285714,38.55297822,1.32047247,NA,30.62819936,23.19487916,NA,NA,NA,NA,NA
Muddy Creek,2018-06-19,Inner Bay,26.33,21.1,8.42,385,7.68,NA,0,NA,676.1050069,5.925735541,15.7067689,1.194559447,191.4285714,660.398238,6.889702323,NA,131.9368588,19.14986346,NA,NA,NA,NA,NA
ODNR 4,2018-06-19,Inner Bay,25.76,21.7,8.23,388,7.53,NA,0,NA,618.9894836,13.42214797,14.99282486,0.71027859,118.2142857,603.9966587,4.917064966,NA,109.0192551,22.17161169,NA,NA,NA,NA,NA
ODNR 6,2018-06-19,Inner Bay,26.8,21.7,9.03,419,9.69,NA,8.13,NA,326.9863708,0.785338445,9.281272534,0.161426952,102.5,317.7050983,4.784694865,NA,153.2123912,32.02135048,NA,NA,NA,NA,NA
Bridge,2018-06-19,Inner Bay,26.64,21.7,8.94,415,8.91,NA,10.1,NA,4.283664246,0.214183212,0,0.129141562,99.64285714,4.283664246,5.724199727,NA,167.8482441,29.32256945,NA,NA,NA,NA,NA
ODNR 2,2018-06-19,Outer Bay,25.29,22.2,9.09,413,8.98,NA,9.38,NA,0,0.142788808,0,0.129141562,86.42857143,0,6.108395874,NA,148.5717549,24.32254851,NA,NA,NA,NA,NA
Buoy 2,2018-06-19,Outer Bay,24.69,21.7,8.95,384,8.78,NA,12.9,NA,0.713944041,0.214183212,0,0.129141562,88.57142857,0.713944041,4.138987056,NA,67.18213426,16.23154007,NA,NA,NA,NA,NA
ODNR 1,2018-06-19,Outer Bay,24.44,21.7,8.73,380,7.93,NA,8.46,NA,0.713944041,0.142788808,0,0.096856171,82.85714286,0.713944041,3.777390683,NA,110.5185376,29.25790495,NA,NA,NA,NA,NA
EC 1163,2018-06-19,Outer Bay,24.29,21.7,8.8,361,8.14,NA,6.83,NA,3.569720205,0.285577616,0,0.096856171,42.85714286,3.569720205,3.380280381,NA,107.3057894,31.74464165,NA,NA,NA,NA,NA
Bells,2018-06-19,Lake Erie,22.24,21.1,8.38,271,9.17,NA,0,NA,35.69720205,3.355536993,0.713944041,0.064570781,41.78571429,34.98325801,0.881391159,NA,28.41497283,32.23877677,NA,NA,NA,NA,NA
Muddy Creek,2018-06-26,Inner Bay,21.94,22.8,8.62,486,9.56,102.02,0,NA,568.2994567,1.427888082,12.1370487,1.000847104,188.2142857,556.162408,6.779931995,NA,140.0758209,20.6603578,NA,NA,NA,NA,NA
ODNR 4,2018-06-26,Inner Bay,22.14,22.8,9,412,10.61,59.11666667,7.44,NA,409.0899355,1.57067689,9.281272534,0.581137028,133.2142857,399.808663,6.059967788,NA,154.9258569,25.56545882,NA,NA,NA,NA,NA
ODNR 6,2018-06-26,Inner Bay,22.32,22.8,9.57,415,13.24,205.7033333,13.8,NA,171.3465699,0.785338445,7.139440411,0.064570781,104.2857143,164.2071294,5.178576629,NA,136.7916783,26.41491824,NA,NA,NA,NA,NA
Bridge,2018-06-26,Inner Bay,22.5,22.8,9.36,409,11.45,198.2733333,15.8,NA,207.0437719,0.499760829,9.995216575,0.096856171,94.28571429,197.0485553,5.41103144,NA,136.5774951,25.24056579,NA,NA,NA,NA,NA
ODNR 2,2018-06-26,Outer Bay,22.94,22.8,9.47,365,11.55,123.1333333,18,NA,0,0.499760829,0,0.129141562,99.64285714,0,4.339156477,NA,87.38675063,20.13911024,NA,NA,NA,NA,NA
Buoy 2,2018-06-26,Outer Bay,22.95,22.8,9.53,386,12.61,NA,14.1,NA,0,0.214183212,0,0.129141562,117.8571429,0,5.114005848,NA,138.1481719,27.01369065,NA,NA,NA,NA,NA
ODNR 1,2018-06-26,Outer Bay,22.36,22.8,9.44,399,12.93,240.5766667,24.6,NA,5.711552329,0.285577616,0.713944041,0.096856171,111.0714286,4.997608287,5.637029173,NA,173.6311908,30.80189679,NA,NA,NA,NA,NA
EC 1163,2018-06-26,Outer Bay,23.33,22.8,9.34,341,13.05,140.7733333,10.2,NA,0.713944041,0.356972021,0,0.064570781,86.42857143,0.713944041,3.490050708,NA,109.3762271,31.3394378,NA,NA,NA,NA,NA
Bells,2018-06-26,Lake Erie,22.93,22.8,8.76,279,10.38,26.91333333,0.89,NA,29.27170568,1.427888082,0.713944041,1.000847104,188.2142857,28.55776164,1.549698742,NA,42.97943127,27.73405573,NA,NA,NA,NA,NA
Muddy Creek,2018-07-10,Inner Bay,26.7,27.2,8.87,505,12.74,83.33333333,4.17,NA,85.67328493,2.498804144,0,0.161426952,49.28571429,85.67328493,5.772627813,NA,144.2166963,24.98285027,NA,NA,NA,NA,NA
ODNR 4,2018-07-10,Inner Bay,25.6,27.2,9.62,376,12.32,248.8066667,14.9,NA,0,1.999043315,0,0.161426952,178.9285714,0,8.290888269,NA,193.4074407,23.32771043,NA,NA,NA,NA,NA
ODNR 6,2018-07-10,Inner Bay,26.2,27.2,9.69,363,12.88,180.2033333,20.4,NA,0,2.284620931,0,0.064570781,166.4285714,0,6.185880811,NA,182.8410689,29.55780664,NA,NA,NA,NA,NA
Bridge,2018-07-10,Inner Bay,26.52,27.2,9.58,359,11.65,130.8266667,14.9,NA,2.141832123,3.141353781,0,0.129141562,151.7857143,2.141832123,6.566848418,NA,197.7624994,30.11528313,NA,NA,NA,NA,NA
ODNR 2,2018-07-10,Outer Bay,26.01,28.3,9.41,365,10.88,91.56333333,11.7,NA,0,1.427888082,0,0.096856171,157.5,0,4.739495319,NA,120.5137541,25.42754999,NA,NA,NA,NA,NA
Buoy 2,2018-07-10,Outer Bay,26.63,28.3,9.48,367,11.84,NA,9.76,NA,0,2.855776164,0,0.161426952,152.8571429,0,4.833122951,NA,118.6574996,24.55089614,NA,NA,NA,NA,NA
ODNR 1,2018-07-10,Outer Bay,26.25,28.3,9.56,357,12.44,86.1,10.7,NA,0,1.070916062,0,0.096856171,144.2857143,0,4.888008115,NA,116.5870619,23.85165065,NA,NA,NA,NA,NA
EC 1163,2018-07-10,Outer Bay,26.75,28.3,9.59,354,13.19,75.68,6.68,NA,0,1.784860103,0,0.161426952,137.5,0,4.487669273,NA,117.7293724,26.23396806,NA,NA,NA,NA,NA
Bells,2018-07-10,Lake Erie,26.15,26.7,9.34,279,11.78,38.74333333,3.56,NA,0.713944041,3.069959377,0,0.129141562,15.35714286,0.713944041,1.230073376,NA,43.83616412,35.63703188,NA,NA,NA,NA,NA
Muddy Creek,2018-07-24,Inner Bay,23.76,22.2,8.53,480,6.75,NA,5.76,NA,0.713944041,4.426453055,0,2.87339975,153.9285714,0.713944041,10.65417885,NA,141.860681,13.31502718,NA,NA,NA,NA,NA
ODNR 4,2018-07-24,Inner Bay,24.22,23.9,9.65,369,11,178.03,5.65,NA,0,0.356972021,0,3.906532245,233.2142857,0,12.31041938,NA,166.4917504,13.52445804,NA,NA,NA,NA,NA
ODNR 6,2018-07-24,Inner Bay,23.61,25,9.92,365,9,170.9133333,21.5,NA,0,-0.642549637,0,3.58367834,233.9285714,0,12.42664679,NA,188.8381989,15.1962313,NA,NA,NA,NA,NA
Bridge,2018-07-24,Inner Bay,24.22,23.9,9.35,382,8.68,163.1633333,12.5,NA,0,-0.071394404,0,1.549698742,211.7857143,0,7.877635271,NA,138.862116,17.62738578,NA,NA,NA,NA,NA
ODNR 2,2018-07-24,Outer Bay,24.21,23.9,9.47,387,11.27,104.7833333,5.64,NA,3.569720205,-0.285577616,0.713944041,0.6779932,177.8571429,2.855776164,5.120462926,NA,76.74898441,14.98868081,NA,NA,NA,NA,NA
Buoy 2,2018-07-24,Outer Bay,24.58,25,9.35,339,12.2,NA,2.66,NA,0,-0.356972021,0,0.193712343,122.5,0,3.793533378,NA,75.46388514,19.89276951,NA,NA,NA,NA,NA
ODNR 1,2018-07-24,Outer Bay,24.37,25,9.56,308,13.17,62.32333333,2.69,NA,0,0.142788808,0,0.129141562,93.92857143,0,3.264052975,NA,102.0939979,31.27829072,NA,NA,NA,NA,NA
EC 1163,2018-07-24,Outer Bay,24.95,26.1,9.51,305,12,93.99,2.4,NA,0,-0.356972021,0,0.193712343,103.5714286,0,3.480365091,NA,70.32348805,20.20577905,NA,NA,NA,NA,NA
Bells,2018-07-24,Lake Erie,24.93,26.1,9.36,267,11.26,51.81333333,0.72,NA,4.283664246,-0.642549637,0,0.161426952,37.85714286,4.283664246,1.359214938,NA,37.05369573,27.26110102,NA,NA,NA,NA,NA
Muddy Creek,2018-08-07,Inner Bay,26.42,23.3,8.58,553,4.96,120.0933333,4.4,NA,2.141832123,2.284620931,0,3.163968264,265.7142857,2.141832123,9.595218043,NA,102.9507307,10.72937897,NA,NA,NA,NA,NA
ODNR 4,2018-08-07,Inner Bay,26.31,23.3,8.9,445,6.22,168.7133333,7.77,NA,1.427888082,1.713465699,0,4.100244588,274.6428571,1.427888082,10.86403389,NA,128.795505,11.85521937,NA,NA,NA,NA,NA
ODNR 6,2018-08-07,Inner Bay,26.14,23.3,9.41,396,7.11,234.61,8.34,NA,0.713944041,2.141832123,0,6.650790434,312.8571429,0.713944041,12.93675595,NA,143.2171746,11.07056322,NA,NA,NA,NA,NA
Bridge,2018-08-07,Inner Bay,26.05,23.3,9.01,381,6.58,60.92333333,8.41,NA,82.81750876,1.999043315,7.139440411,1.42055718,240.7142857,75.67806835,6.511963255,NA,95.45431829,14.65830112,NA,NA,NA,NA,NA
Muddy Creek,2018-09-11,Inner Bay,19.25,18.3,8.59,630,3.96,89.5,2.34,NA,16.42071294,7.210834815,0,2.744258189,235.3571429,16.42071294,6.434478317,NA,79.9617326,12.42707313,NA,NA,NA,NA,NA
ODNR 4,2018-09-11,Inner Bay,19.48,18.3,8.7,502,4.32,128.3833333,7.8,NA,14.99282486,2.42740974,0,2.453689675,348.9285714,14.99282486,6.531334489,NA,99.0240385,15.16137914,NA,NA,NA,NA,NA
ODNR 6,2018-09-11,Inner Bay,19.83,18.3,8.59,380,3.94,108.53,7.76,NA,14.99282486,3.855297822,0,1.291415618,254.2857143,14.99282486,4.920293505,NA,76.5348012,15.55492597,NA,NA,NA,NA,NA
Bridge,2018-09-11,Inner Bay,20.07,18.3,8.66,450,4.26,129.7933333,10.2,NA,14.99282486,2.356015336,0,1.937123427,363.9285714,14.99282486,6.076110483,NA,101.237265,16.66152472,NA,NA,NA,NA,NA
ODNR 2,2018-09-11,Outer Bay,20.34,18.3,8.76,447,4.57,124.34,10.9,NA,14.27888082,1.856254507,0,2.421404284,410.3571429,14.27888082,5.934054765,NA,92.81272534,15.64069241,NA,NA,NA,NA,NA
Buoy 2,2018-09-11,Outer Bay,20.4,20,8.71,389,4.65,NA,6.12,NA,14.99282486,1.642071294,0,1.194559447,214.2857143,14.99282486,4.348842094,NA,69.89512162,16.07212221,NA,NA,NA,NA,NA
ODNR 1,2018-09-11,Outer Bay,20.61,20,8.78,322,4.72,72.99666667,6.25,NA,15.7067689,2.498804144,0,0.936276323,122.8571429,15.7067689,3.131682874,NA,5.161815417,1.648256105,NA,NA,NA,NA,NA
EC 1163,2018-09-11,Outer Bay,20.83,21.1,8.61,332,4.62,82.13,7.7,NA,15.7067689,3.141353781,0,0.807134761,139.2857143,15.7067689,3.199482194,NA,57.04412888,17.82917529,NA,NA,NA,NA,NA
Bells,2018-09-11,Lake Erie,22.56,21.1,8.81,259,4.85,10.615,0,NA,14.99282486,4.783425075,0,0.355139295,38.57142857,14.99282486,1.297872696,NA,28.41497283,21.89349766,NA,NA,NA,NA,NA
Muddy Creek,2019-06-10,Inner Bay,20.58,21.7,8.63,NA,4.99,5.15,0,0,263.15,16.404,9.041,3.888,150.479,254.109,8.73,138.444,401.594,46.002,14.155,0,45.933,3.992,64.08
ODNR 4,2019-06-10,Inner Bay,21.08,21.7,8.92,NA,6.42,23.13,0.87,0.04,187.86,17.232,7.14,2.394,127.436,180.72,6.735,134.838,322.698,47.914,4.394,0.22,0.223,6.552,11.391
ODNR 6,2019-06-10,Inner Bay,20.94,21.7,8.95,NA,7.11,11.31,0.26,0.02,189.84,25.278,6.266,3.447,91.076,183.574,7.233,128.471,318.311,44.008,2.246364,0.214545,0,4.490909,6.953636
Bridge,2019-06-10,Inner Bay,21.36,21.7,10.05,NA,9.57,10.68,NA,0.35,42.153,0.234,1.236,0.138,29.14,40.917,4.381,165.101,207.254,47.307,4.504,0.028,0.228,5.752,10.512
ODNR 2,2019-06-10,Outer Bay,21.31,21.7,10.12,NA,9.76,14.91,NA,0.43,32.917,2.141,0.97,0.154,23.142,31.947,3.68,164.659,197.576,53.689,6.244,0.29,0,14.268,20.081
Buoy 2,2019-06-10,Outer Bay,21.23,21.7,10.1,NA,9.92,12.36,9.29,0.33,31.018,1.738,0.657,0.188,23.63,30.361,3.304,156.709,187.727,56.818,3.403,0.138,0,6.779,10.32
ODNR 1,2019-06-10,Outer Bay,21.3,21.7,10.13,NA,10.17,15.01,7.35,0.29,23.251,0.783,0.648,0.101,25.451,22.603,3.449,169.829,193.08,55.981,8.487,0.021,0,15.132,23.641
EC 1163,2019-06-10,Outer Bay,21.06,21.7,9.94,NA,9.74,9.79,13.09,0.24,35.587,0.878,0.779,0.193,27.408,34.808,3.054,156.836,192.423,63.007,7.029,0,0,9.138,16.168
Bells,2019-06-10,Lake Erie,NA,NA,NA,NA,NA,NA,NA,NA,NA,NA,NA,NA,NA,NA,NA,NA,NA,NA,NA,NA,NA,NA,NA
Muddy Creek,2019-06-17,Inner Bay,17.77,18.9,8.84,NA,7.8,3.78,0,0,356.94,8.824,6.644,3.782,143.508,350.296,8.133,134.272,491.212,60.397,5.072,2.351,6.729,2.619,16.775
ODNR 4,2019-06-17,Inner Bay,17.25,NA,8.86,NA,8.14,8.86,0,0,388.3,13.994,8.726,4.253,113.344,379.574,8.857,125.953,514.253,58.062,6.515,1.371,13.113,2.419,23.415
ODNR 6,2019-06-17,Inner Bay,19.03,18.9,9.25,NA,8.77,55.5,0.42,0.16,92,28.265,4.176,1.454,65.414,87.824,4.724,143.981,235.981,49.954,4.932727,2.346364,1.346364,2.821818,11.44727
Bridge,2019-06-17,Inner Bay,19.07,19.5,9.13,NA,8.11,15.45,1.6,0.12,118.17,30.202,4.519,2.093,79.727,113.651,5.433,130.888,249.058,45.842,5.035,2.671,1.798,3.563,13.068
ODNR 2,2019-06-17,Outer Bay,19.29,18.9,9.98,NA,11.3,85.01,NA,0.18,39.584,1.271,1.433,0.208,69.789,38.151,5.816,171.809,211.393,36.347,2.750909,1.622727,7.396364,1.561818,13.33
Buoy 2,2019-06-17,Outer Bay,19.37,18.9,10.04,NA,12.39,149.72,8.06,0.38,43.245,1.353,1.183,0.389,91.289,42.062,4.028,137.544,180.789,44.883,3.445833,0.4975,7.563333,2.5375,14.04167
ODNR 1,2019-06-17,Outer Bay,19.43,18.9,9.95,NA,11.36,166.77,7.58,0.51,42.992,1.803,1.276,0.309,45.378,41.716,4.674,176.282,219.274,46.914,3.362727,0.318182,4.853636,2.1690901,10.70455
EC 1163,2019-06-17,Outer Bay,19.77,18.9,10.05,NA,12.54,134.48,5.42,0.35,35.654,-0.282,1.158,0.096,37.059,34.496,4.345,150.302,185.956,42.798,1.805,0.4825,2.831667,1.189167,6.31
Bells,2019-06-17,Lake Erie,10.35,18.9,9.41,NA,10.35,6.6,0.2,0.13,61.689,4.905,0.936,0.337,43.623,60.753,1.334,53.498,115.187,86.347,NA,NA,NA,NA,NA
Muddy Creek,2019-07-08,Inner Bay,26,22.22,8.65,NA,5.16,47.25,2.04,NA,238.344,25.805,7.884,2.194,88.7,230.711,6.214,NA,NA,NA,40.0415,9.744166667,12.82233333,7.219,69.825
ODNR 4,2019-07-08,Inner Bay,25.86,22.78,9.03,NA,7.73,38.76,NA,NA,141.842,8.445,9.442,1.725,106.57,132.464,4.343,NA,NA,NA,23.6745,12.24833333,6.927666667,5.784666667,48.63633333
ODNR 6,2019-07-08,Inner Bay,26.31,23.89,9.56,NA,9.61,78.72,NA,NA,136.5,2.588,7.854,0.257,26.617,128.729,2.577,NA,NA,NA,15.01016667,8.309333333,2.835,5.1735,31.3285
Bridge,2019-07-08,Inner Bay,26.69,23.89,9.75,NA,10.91,126.26,0.2,NA,68.023,0.919,3.027,0.32,7.987,65.054,2.505,NA,NA,NA,8.665833333,4.404333333,1.892833333,3.2405,18.20333333
ODNR 2,2019-07-08,Outer Bay,26.71,23.89,9.76,NA,10.29,120.04,0.25,0.21,107.648,2.132,5.42,0.166,8.133,102.309,2.631,NA,NA,NA,17.00525,1.8925,2.1165,16.80825,37.823
Buoy 2,2019-07-08,Outer Bay,26.41,23.89,9.75,NA,10.63,112.04,NA,0.19,92.021,1.46,4.634,0.059,5.789,87.455,2.328,NA,NA,NA,6.572666667,2.809333333,2.2695,2.672833333,14.3235
ODNR 1,2019-07-08,Outer Bay,26.36,23.89,9.76,NA,10.79,107.47,0.77,0.19,86.596,1.296,4.244,0.035,3.191,82.418,2.334,NA,NA,NA,6.921333333,3.038,1.843,2.0095,13.81166667
EC 1163,2019-07-08,Outer Bay,26.05,24.44,9.67,NA,10.84,96.84,1.28,0.85,68.178,2.604,3.063,0.542,10.317,65.172,1.852,NA,NA,NA,4.603666667,1.858333333,3.067833333,0.989166667,10.51883333
Bells,2019-07-08,Lake Erie,NA,NA,NA,NA,NA,NA,NA,NA,NA,NA,NA,NA,NA,NA,NA,NA,NA,NA,0.1865,1.146333333,1.063833333,0.1695,2.566666667
Muddy Creek,2019-08-05,Inner Bay,26.95,27.78,9.76,NA,0.37,90.88,0.18,NA,80.283,2.992,5.346,0.116,20.044,74.973,3.488,NA,NA,NA,12.89666667,4.715666667,14.2665,4.487333333,36.3665
ODNR 4,2019-08-05,Inner Bay,26.86,27.78,9.99,NA,0.42,97.97,1.42,0.18,23.374,0.598,1.729,0.137,9.037,21.653,3.53,NA,NA,NA,20.26983333,12.38966667,16.54033333,7.145,56.34433333
ODNR 6,2019-08-05,Inner Bay,26.68,28.33,10.01,NA,0.38,80.77,2.09,0.18,0.115,0.724,0.207,0.258,10.084,-0.096,4.636,NA,NA,NA,22.6175,20.8065,7.1875,7.89,58.50216667
Bridge,2019-08-05,Inner Bay,26.66,28.89,9.77,NA,0.31,112.63,2.48,NA,1.39,0.739,0.229,0.45,6.327,1.159,4.195,NA,NA,NA,17.196,9.38,9.360166667,5.136166667,41.07316667
ODNR 2,2019-08-05,Outer Bay,27.47,28.89,10.11,NA,0.48,80.11,2.94,NA,0.3,0.462,0.114,0.098,25.324,0.184,3.214,NA,NA,NA,11.17833333,8.4815,6.0205,3.832333333,29.5135
Buoy 2,2019-08-05,Outer Bay,28.54,28.89,10.1,NA,0.65,48.97,2.73,NA,0.319,0.763,0.09,0.004,18.838,0.229,3.146,NA,NA,NA,13.82683333,8.268,8.029333333,4.7885,34.91333333
ODNR 1,2019-08-05,Outer Bay,26.89,28.89,10,NA,0.4,71.01,1.74,NA,0.347,0.799,0.072,0.044,19.92,0.274,3.05,NA,NA,NA,12.214,6.063666667,8.903833333,5.706,32.88683333
EC 1163,2019-08-05,Outer Bay,28.02,28.89,10,NA,0.79,51.03,1.98,NA,0.093,0.477,0.045,-0.006,19.321,0.047,1.827,NA,NA,NA,9.994333333,4.3485,8.519166667,5.221166667,28.08233333
Bells,2019-08-05,Lake Erie,27.35,28.89,9.94,NA,0.77,22.34,0.16,NA,11.913,0.545,0.864,-0.002,15.843,11.053,0.8,NA,NA,NA,3.180833333,0.027666667,6.465166667,3.1995,12.87383333
ODNR 2,2019-08-19,Outer Bay,24.82,21.1,8.93,NA,8.16,59.24,NA,0.3,0.249,0.921,0.041,0.667,7.333,0.208,4.206,62.756,63.005,14.98,NA,NA,NA,NA,NA
Buoy 2,2019-08-19,Outer Bay,24.94,21.1,9.21,NA,9.06,68.46,NA,0.23,0.343,0.598,0.023,0.18,7.181,0.321,2.954,59.866,60.209,20.382,NA,NA,NA,NA,NA
ODNR 1,2019-08-19,Outer Bay,25.08,21.7,9.24,NA,8.7,60.08,NA,0.2,0.119,0.861,0.028,0.753,13.489,0.09,3.374,62.976,63.095,18.7,NA,NA,NA,NA,NA
EC 1163,2019-08-19,Outer Bay,24.9,21.7,9.19,NA,8.71,60.18,NA,NA,3.31,1.147,0.043,0.805,36.886,3.272,3.968,56.458,59.768,15.063,NA,NA,NA,NA,NA
Bells,2019-08-19,Lake Erie,24.94,22.8,9.26,NA,10.06,NA,1.04,NA,1.425,0.473,0.256,0.06,24.248,1.166,1.13,33.523,34.948,30.927,NA,NA,NA,NA,NA
Muddy Creek,2019-09-09,Inner Bay,21.11,18.9,9.23,NA,11.29,NA,NA,NA,NA,NA,NA,NA,NA,NA,NA,NA,NA,NA,NA,NA,NA,NA,NA
ODNR 4,2019-09-09,Inner Bay,21.17,18.9,9.12,NA,10.67,NA,NA,NA,NA,NA,NA,NA,NA,NA,NA,NA,NA,NA,NA,NA,NA,NA,NA
ODNR 6,2019-09-09,Inner Bay,21.3,18.9,8.98,NA,9.58,NA,NA,NA,NA,NA,NA,NA,NA,NA,NA,NA,NA,NA,NA,NA,NA,NA,NA
Bridge,2019-09-09,Inner Bay,21.82,18.9,9.3,NA,11.22,NA,NA,NA,NA,NA,NA,NA,NA,NA,NA,NA,NA,NA,NA,NA,NA,NA,NA
ODNR 2,2019-09-09,Outer Bay,21.61,18.9,9.49,NA,11.94,NA,NA,NA,NA,NA,NA,NA,NA,NA,NA,NA,NA,NA,NA,NA,NA,NA,NA
Buoy 2,2019-09-09,Outer Bay,21.88,20.6,9.47,NA,11.95,NA,NA,NA,NA,NA,NA,NA,NA,NA,NA,NA,NA,NA,NA,NA,NA,NA,NA
ODNR 1,2019-09-09,Outer Bay,21.81,20.6,9.49,NA,12.46,NA,NA,NA,NA,NA,NA,NA,NA,NA,NA,NA,NA,NA,NA,NA,NA,NA,NA
EC 1163,2019-09-09,Outer Bay,22.05,20.6,9.47,NA,12.46,NA,NA,NA,NA,NA,NA,NA,NA,NA,NA,NA,NA,NA,NA,NA,NA,NA,NA
Bells,2019-09-09,Lake Erie,22.28,21.1,9.74,NA,12.62,NA,NA,NA,NA,NA,NA,NA,NA,NA,NA,NA,NA,NA,NA,NA,NA,NA,NA
Muddy Creek,2019-09-23,Inner Bay,23.61,22.2,9.35,NA,10.33,NA,NA,NA,NA,NA,NA,NA,NA,NA,NA,NA,NA,NA,NA,NA,NA,NA,NA
ODNR 4,2019-09-23,Inner Bay,23.73,22.2,9.44,NA,10.62,NA,NA,NA,NA,NA,NA,NA,NA,NA,NA,NA,NA,NA,NA,NA,NA,NA,NA
ODNR 6,2019-09-23,Inner Bay,23.18,22.2,9.22,NA,10.58,NA,NA,NA,NA,NA,NA,NA,NA,NA,NA,NA,NA,NA,NA,NA,NA,NA,NA
Bridge,2019-09-23,Inner Bay,23.3,22.2,9.45,NA,10.98,NA,NA,NA,NA,NA,NA,NA,NA,NA,NA,NA,NA,NA,NA,NA,NA,NA,NA
ODNR 2,2019-09-23,Outer Bay,22.94,21.11,9.35,NA,9.77,NA,NA,NA,NA,NA,NA,NA,NA,NA,NA,NA,NA,NA,NA,NA,NA,NA,NA
Buoy 2,2019-09-23,Outer Bay,22.7,21.7,9.47,NA,10.06,NA,NA,NA,NA,NA,NA,NA,NA,NA,NA,NA,NA,NA,NA,NA,NA,NA,NA
ODNR 1,2019-09-23,Outer Bay,22.95,22.2,9.37,NA,10.24,NA,NA,NA,NA,NA,NA,NA,NA,NA,NA,NA,NA,NA,NA,NA,NA,NA,NA
EC 1163,2019-09-23,Outer Bay,22.65,22.2,9.54,NA,10.64,NA,NA,NA,NA,NA,NA,NA,NA,NA,NA,NA,NA,NA,NA,NA,NA,NA,NA
Bells,2019-09-23,Lake Erie,22.23,22.2,9.11,NA,9.93,NA,NA,NA,NA,NA,NA,NA,NA,NA,NA,NA,NA,NA,NA,NA,NA,NA,NA
Muddy Creek,2020-06-08,Inner Bay,24.25,22.78,9.48,509,10.63,130.6333333,NA,NA,211.28,0.55,8.33,0.03,45.04,205.95,3.56,92.25,303.53,85.31,14.155,0,45.933,3.992,64.08
ODNR 4,2020-06-08,Inner Bay,24.25,22.22,9.03,486,7.33,24.75,NA,NA,250.69,21.01,10.84,0.47,87.48,243.19,2.56,78.52,329.21,128.4,4.394,0.22,0.223,6.552,11.391
ODNR 6,2020-06-08,Inner Bay,23.86,21.67,8.75,480,5.68,20.75666667,NA,NA,168.54,38.42,6.68,0.35,57.12,164.4,1.96,90.91,259.44,132.1,2.246364,0.214545,0,4.490909,6.953636
Bridge,2020-06-08,Inner Bay,23.79,21.67,8.62,474,5.31,21.74333333,NA,NA,120.85,25.97,5.17,0.25,33.67,117.36,2.01,86.07,206.91,103.05,4.504,0.028,0.228,5.752,10.512
ODNR 2,2020-06-08,Outer Bay,24.02,21.67,9.26,454,8.9,71.26333333,NA,NA,113.88,4.07,3.96,0.06,28.29,111.83,2.07,69.25,183.13,88.47,6.244,0.29,0,14.268,20.081
Buoy 2,2020-06-08,Outer Bay,23.14,21.11,9.04,400,8.11,26.29666667,NA,NA,63.28,7.33,1.85,0.19,21.99,61.58,1.16,45.8,109.08,94.36,3.403,0.138,0,6.779,10.32
ODNR 1,2020-06-08,Outer Bay,23.31,20.56,9.37,395,9.78,62.04666667,NA,NA,41.64,3.66,1.37,0.14,30.64,40.36,1.5,51.87,93.51,62.21,8.487,0.021,0,15.132,23.641
EC 1163,2020-06-08,Outer Bay,22.62,21.11,9.16,353,9.52,34.87,NA,NA,42.69,6.71,1.07,0.06,18.74,41.73,1,41.04,83.73,83.9,7.029,0,0,9.138,16.168
Muddy Creek,2020-06-15,Inner Bay,20.18,20.56,9.16,NA,8.28,39.44333333,NA,NA,177.39,20.95,8.71,1.6,47.08,156.61,5.44,103.37,280.77,51.66,5.072,2.351,6.729,2.619,16.775
ODNR 4,2020-06-15,Inner Bay,19.96,20.56,9.29,466,10.24,55.20666667,NA,NA,140.97,20.39,6.66,0.43,20.83,134.47,3.34,89.51,230.48,69.05,6.515,1.371,13.113,2.419,23.415
ODNR 6,2020-06-15,Inner Bay,20.58,21.11,9.38,487,10.17,27.57666667,NA,NA,218.12,32.16,10.57,0.83,79.63,200.88,3.41,103.89,322.02,94.46,4.932727,2.346364,1.346364,2.821818,11.44727
Bridge,2020-06-15,Inner Bay,20.77,18.33,9.43,484,10.29,27.77333333,NA,NA,206.83,37.78,10.26,0.77,75.79,186.37,2.86,97.36,304.19,106.47,5.035,2.671,1.798,3.563,13.068
ODNR 2,2020-06-15,Outer Bay,20.31,19.44,9.47,416,10.76,43.31,NA,NA,71.66,4.07,3.96,0.36,28.29,111.83,1.97,65.39,137.04,69.74,2.750909,1.622727,7.396364,1.561818,13.33
Buoy 2,2020-06-15,Outer Bay,19.9,18.89,9.48,373,11.44,44.08666667,NA,NA,57.95,7.42,2.08,0.15,13.07,56.88,1.76,49.28,107.23,61,3.445833,0.4975,7.563333,2.5375,14.04167
ODNR 1,2020-06-15,Outer Bay,19.55,18.89,9.46,344,12.17,33.77333333,NA,NA,17.75,20.15,2.08,0.13,3.46,15.66,1.27,47.04,64.79,51.22,3.362727,0.318182,4.853636,2.1690901,10.70455
EC 1163,2020-06-15,Outer Bay,19.35,19.44,9.31,288,11.54,22.74333333,NA,NA,37.87,6.63,0.82,0.18,19.01,37.88,1.11,34.18,72.05,64.85,1.805,0.4825,2.831667,1.189167,6.31
Muddy Creek,2020-06-22,Inner Bay,25.56,22.22,9.49,539,8.14,100.7833333,0.04,NA,108.56,8.28,7.67,0.58,4.5,100.97,5.03,102.24,210.79,41.9,6.471166667,11.78683333,11.1715,5.265333333,34.69316667
ODNR 4,2020-06-22,Inner Bay,25.69,22.22,9.77,483,10.37,78.91,NA,NA,121.23,2.9,7.05,0.21,7.83,114.35,2.73,79.07,200.31,73.4,5.113,12.04483333,2.3115,6.410833333,25.87933333
ODNR 6,2020-06-22,Inner Bay,24.97,22.22,9.86,464,11.32,56.77666667,NA,NA,128.9,2.86,6.78,0.04,6.34,123.21,1.48,69.97,198.87,134.56,3.469333333,14.30866667,0.089333333,6.505333333,24.37166667
Bridge,2020-06-22,Inner Bay,25.16,22.78,9.4,458,8.23,5.496666667,NA,NA,96.63,12.5,5.78,0.22,14.59,90.97,1.83,66.15,162.78,89.15,1.615,3.804833333,0.995666667,2.412,8.828666667
ODNR 2,2020-06-22,Outer Bay,25.48,22.78,9.82,419,11.58,39.70666667,NA,NA,69.95,3.4,4.02,0.05,10.75,66.03,1.06,44.99,114.94,108.12,3.082666667,6.6785,0.092333333,6.165,16.01733333
Buoy 2,2020-06-22,Outer Bay,25.14,23.89,9.78,378,11.47,18.7,NA,NA,46.55,5.5,2.27,0.05,28.47,44.36,0.92,39.76,86.31,93.61,0.818,2.226833333,0.133666667,1.0055,4.1835
ODNR 1,2020-06-22,Outer Bay,25.52,23.89,9.9,418,13.13,33.70333333,NA,NA,70.55,2.11,4.11,0.02,8.34,66.53,1.14,47.26,117.81,103.44,3.137666667,8.420666667,0,6.144833333,17.70383333
EC 1163,2020-06-22,Outer Bay,25.08,25,9.76,359,11.84,15.07666667,NA,NA,43.42,3.99,1.84,0.04,11.54,41.66,0.92,33.74,77.16,83.6,1.420166667,4.0485,0.446666667,2.403666667,8.3195
Bells,2020-06-22,Lake Erie,23.81,26.11,9.38,264,10.82,5.353333333,NA,NA,30.65,4.23,0.52,0.06,17.29,30.22,0.4,10.54,41.19,102.73,0.7915,0.151166667,0.2795,0.9835,2.203166667
Muddy Creek,2020-06-29,Inner Bay,25.28,24.44,9.77,549,8.33,105.3166667,0.05,NA,54.37,6.19,4.44,0.7,2.71,49.95,4.74,84.52,138.88,29.28,10.72816667,3.455333333,13.178,10.98933333,38.35066667
ODNR 4,2020-06-29,Inner Bay,26.21,25.56,10.05,474,14.59,73.94666667,NA,NA,73.11,3.8,5.44,0.25,4.88,67.72,2.8,74.63,147.74,52.73,12.09466667,3.2715,8.598333333,8.199,32.16383333
ODNR 6,2020-06-29,Inner Bay,25.99,25.56,9.99,475,13.26,41.33666667,0.29,NA,73.87,3.79,4.33,0.2,4.02,69.64,1.78,53.64,127.52,71.52,10.236,3.686833333,0.29,6.03,20.24216667
Bridge,2020-06-29,Inner Bay,26.07,26.11,9.86,401,11.74,55.67,NA,NA,49.38,3.65,2.73,0.11,9.83,46.72,1.65,61.71,111.08,67.32,4.584,5.416833333,1.059,8.835833333,19.89666667
ODNR 2,2020-06-29,Outer Bay,25.54,26.11,10.29,359,17.46,102.2666667,0,NA,27.5,2.37,2.22,0.04,7.38,25.29,2.41,79.89,107.39,44.56,7.280166667,8.5265,0.221333333,14.59083333,30.61966667
Buoy 2,2020-06-29,Outer Bay,25.72,27.22,9.98,355,13.44,49.24,NA,NA,44.69,1.27,2.5,0.02,5.66,42.25,1.4,50.74,95.43,68.16,4.6405,6.5185,1.480333333,6.830166667,19.46766667
ODNR 1,2020-06-29,Outer Bay,24.9,26.11,9.8,329,13.1,33.78,NA,NA,39.67,0.85,1.93,0.01,9.01,37.82,0.64,27.51,67.18,105.14,3.601166667,3.928166667,2.178,4.523166667,14.23
EC 1163,2020-06-29,Outer Bay,23.9,27.22,9.74,331,11.84,43.21666667,NA,NA,41.37,3.01,1.78,0.16,10,39.68,0.84,24.06,65.43,77.71,4.302833333,2.153,5.716833333,3.992,16.1655
Bells,2020-06-29,Lake Erie,24.83,27.22,9.66,259,10.87,3.793333333,NA,NA,26.26,2.74,0.58,0.02,19.04,25.76,0.41,16.3,42.56,103.54,0.562833333,0.229333333,0.9585,0.155,1.904166667
Muddy Creek,2020-07-06,Inner Bay,28.77,30.56,9.16,483,11.76,95.63333333,0.65,NA,0.39,1.62,0.05,0.16,6.33,0.34,4.77,77.82,78.21,16.4,40.0415,9.744166667,12.82233333,7.219,69.825
ODNR 4,2020-07-06,Inner Bay,29.04,31.67,9.55,447,15,37.51,NA,NA,6.75,1.71,1.8,0,6.77,4.89,2.89,75.92,82.66,28.6,23.6745,12.24833333,6.927666667,5.784666667,48.63633333
ODNR 6,2020-07-06,Inner Bay,28.08,32.22,9.79,430,15.28,29.87,0.2,NA,34.08,5.8,3.52,0,5.51,30.55,1.81,51.32,85.4,47.18,15.01016667,8.309333333,2.835,5.1735,31.3285
Bridge,2020-07-06,Inner Bay,29.22,28.89,9.67,416,10.37,39.36333333,NA,NA,31.08,4.56,2.77,0.01,7.38,28.3,1.56,54.96,86.03,55.25,8.665833333,4.404333333,1.892833333,3.2405,18.20333333
ODNR 2,2020-07-06,Outer Bay,28.46,31.11,10.14,390,12.23,60.88333333,0.16,NA,19.61,2.64,2.43,0.19,3.58,17.15,2.41,57.17,76.78,31.87,17.00525,1.8925,2.1165,16.80825,37.823
Buoy 2,2020-07-06,Outer Bay,28.31,31.67,9.98,347,13.38,30.06666667,0.12,NA,23.23,1.2,1.59,0,3.89,21.66,1.02,35.68,58.92,57.53,6.572666667,2.809333333,2.2695,2.672833333,14.3235
ODNR 1,2020-07-06,Outer Bay,28.25,31.11,10,337,13.61,25.57666667,NA,NA,22.85,2.68,1.42,0.03,10.68,21.46,0.86,26.14,49,56.84,6.921333333,3.038,1.843,2.0095,13.81166667
EC 1163,2020-07-06,Outer Bay,27.32,30.56,9.71,323,10.81,19.69666667,NA,NA,23.05,1.61,1.12,0,12.66,21.97,2.37,56.95,80,33.83,4.603666667,1.858333333,3.067833333,0.989166667,10.51883333
Bells,2020-07-06,Lake Erie,27.28,31.11,9.83,259,11.82,4.353333333,NA,NA,22.46,0.62,0.58,0,18.96,21.94,0.21,17.48,39.93,189.25,0.1865,1.146333333,1.063833333,0.1695,2.566666667
Muddy Creek,2020-07-13,Inner Bay,26.56,23.89,9.27,508,6.23,88.78333333,0.53,NA,0.7,3.43,0.27,1.95,34.37,0.43,7.07,67.21,67.91,9.61,16.83516667,10.43,7.626666667,6.822166667,41.71433333
ODNR 4,2020-07-13,Inner Bay,27,23.89,9.67,425,8.29,87.75,NA,NA,0.01,2.34,0.04,0.69,19.83,-0.04,3.83,79.96,79.97,20.86,19.29916667,10.57466667,7.1805,5.9375,42.992
ODNR 6,2020-07-13,Inner Bay,26.43,23.33,9.77,407,8.85,111.0166667,0.54,NA,0.34,1.9,0.03,0.31,6.26,0.31,3.54,70.21,70.55,19.91,24.98183333,13.2725,8.455833333,7.312833333,54.02383333
Bridge,2020-07-13,Inner Bay,27.01,23.33,9.8,408,9.34,103.2833333,NA,NA,0.67,0.51,0.31,0.03,3.17,0.35,2.84,59.4,60.07,21.17,18.79983333,12.81716667,10.6025,5.005166667,47.22566667
ODNR 2,2020-07-13,Outer Bay,26.9,23.33,9.88,402,10.64,100.6333333,0.68,NA,0,1.78,0.02,0.01,7.01,-0.11,2.23,64.72,64.72,29.07,23.58266667,8.6685,10.817,4.869166667,47.9375
Buoy 2,2020-07-13,Outer Bay,27.1,24.44,9.88,380,11.46,97.85,0.38,NA,0.04,1.06,0.02,0.04,2.09,0.02,2.35,69.49,69.53,29.55,21.84816667,11.7615,10.98766667,5.1025,49.69916667
ODNR 1,2020-07-13,Outer Bay,26.84,23.89,9.93,322,11.02,79.46666667,NA,NA,3.82,1.01,0.67,0,7.14,3.14,1.58,53.71,57.53,36.53,20.75666667,5.742,13.6495,5.231666667,45.38066667
EC 1163,2020-07-13,Outer Bay,26.73,24.44,9.85,284,10.41,43.65,NA,NA,14.49,1.89,0.56,0,8.28,13.96,1.03,39.42,53.9,52.49,8.52,2.372666667,9.344166667,1.790833333,22.02816667
Bells,2020-07-13,Lake Erie,26.04,22.78,9.6,256,8.8,16.38666667,NA,NA,26.75,3.89,0.65,0.06,19,26.18,0.94,29.45,56.19,59.59,0.339,0.2245,6.130333333,0.5305,7.224166667
Muddy Creek,2020-07-20,Inner Bay,26.86,25,9.17,564,4.96,97.38333333,0.18,NA,8.12,10.3,1.62,2.86,66.53,6.46,7.29,80.44,88.56,12.14,19,8.45,10.1,8.41,45.96
ODNR 4,2020-07-20,Inner Bay,27.36,25.56,9.59,457,6.45,81.71666667,NA,NA,0.14,1.39,0.05,1.51,16.77,0.1,4.63,69.25,69.4,14.99,19.57,11.6,7.63,5.46,44.27
ODNR 6,2020-07-20,Inner Bay,27,25.56,9.79,418,8.17,72.58333333,0.37,NA,0.23,2.84,0.03,0.99,7.85,0.2,3.4,68.22,68.45,20.12,21.6,11.59,4.53,5.07,42.79
Bridge,2020-07-20,Inner Bay,26.99,26.67,9.44,404,7.49,64.17666667,NA,NA,0.08,1.14,0.01,0.49,10.09,0.07,3.2,63.44,63.52,19.84,17.49,8.53,4.7,4.34,35.07
ODNR 2,2020-07-20,Outer Bay,27.07,27.78,9.87,338,8.25,51.84666667,0.1,NA,0,0.94,0.02,0.1,7.62,-0.07,2.19,52.17,52.17,23.8,19.9,5.1,3.77,3.33,32.1
Buoy 2,2020-07-20,Outer Bay,27,27.78,9.79,328,8.83,53.3,0.18,NA,0.02,1.9,0.03,0.06,7.48,-0.01,2.27,43.29,43.31,19.07,19.53,5.35,3.34,3.97,32.19
ODNR 1,2020-07-20,Outer Bay,27.58,27.78,9.9,365,9.67,55.87666667,NA,NA,0.07,1.31,0.01,0.19,11.41,0.06,2.36,54.24,54.31,22.99,22.56,6.56,2.68,4.7,36.51
EC 1163,2020-07-20,Outer Bay,26.86,28.89,9.72,304,8.76,42.33,NA,NA,5.38,1.31,0.24,0.03,12.26,5.16,1.49,43.94,49.32,33.1,13.01,4.85,4.73,3.66,26.25
Bells,2020-07-20,Lake Erie,26.35,28.89,9.7,255,8.46,6.633333333,NA,NA,18.92,1.12,0.35,0.02,13.46,18.63,0.33,22.19,41.11,123.45,2.55,0.06,2.56,0.56,5.72
Bridge,2020-07-23,Inner Bay,26.4,23.89,9.42,379,5.62,56.17666667,NA,NA,NA,NA,NA,NA,NA,NA,NA,NA,NA,NA,NA,NA,NA,NA,NA
Muddy Creek,2020-07-27,Inner Bay,26.62,28.89,8.17,645,6.52,85.96666667,0.2,0.06,10.83,5.37,6.8,2.06,65.95,3.77,6.18,81.64,92.47,14.96,NA,NA,NA,NA,NA
ODNR 4,2020-07-27,Inner Bay,26.92,27.78,8.63,498.2,6.97,67.25333333,NA,NA,0.89,10.24,0.18,1.31,11.92,0.71,4.47,74.95,75.85,16.97,NA,NA,NA,NA,NA
ODNR 6,2020-07-27,Inner Bay,27.33,27.78,8.82,456.7,7.52,45.47333333,0.19,NA,0.06,0.82,0.05,0.39,4.95,0,2.93,62.73,62.78,21.44,NA,NA,NA,NA,NA
Bridge,2020-07-27,Inner Bay,27.41,27.78,8.77,482.3,7.63,70.54333333,0.1,NA,0.22,22.27,0.05,0.81,10.4,0.16,3.66,69.97,70.19,19.18,NA,NA,NA,NA,NA
ODNR 2,2020-07-27,Outer Bay,27.9,30,8.61,373.2,7.66,65.15,0.17,NA,0.69,15.03,0.04,0.12,9.07,0.65,2.63,55.44,56.13,21.31,NA,NA,NA,NA,NA
Buoy 2,2020-07-27,Outer Bay,27.94,31.11,8.68,375.6,7.88,43.1,0.13,0.07,0,1.65,0.05,0.1,11.39,-0.09,2.25,57.09,57.09,25.36,NA,NA,NA,NA,NA
ODNR 1,2020-07-27,Outer Bay,27.88,31.11,8.67,378.8,7.85,39.56333333,NA,NA,0.26,3.13,0.03,0.12,8.77,0.23,2.33,35.55,35.81,15.4,NA,NA,NA,NA,NA
EC 1163,2020-07-27,Outer Bay,28.67,31.11,8.74,363.8,8.74,49.73,NA,NA,4.38,5.27,0.19,0.08,19.08,4.2,1.99,38.52,42.9,21.6,NA,NA,NA,NA,NA
Bells,2020-07-27,Lake Erie,27.34,31.11,8.76,NA,8.69,8.543333333,NA,NA,16.38,7.75,0.36,0,5.36,16.07,0.24,27.18,43.56,182.28,NA,NA,NA,NA,NA
Muddy Creek,2020-08-03,Inner Bay,24.14,25.56,8.06,656,6.81,75.78333333,0.19,0.07,17.24,13.22,7.12,2.54,68.03,9.86,6.1,81.91,99.15,16.25,12.89666667,4.715666667,14.2665,4.487333333,36.3665
ODNR 4,2020-08-03,Inner Bay,24.04,25,8.57,510,8.2,91.45,NA,NA,1.04,3.83,0.34,1.69,16.74,0.69,5.43,76.83,77.87,14.33,20.26983333,12.38966667,16.54033333,7.145,56.34433333
ODNR 6,2020-08-03,Inner Bay,24.62,26.11,8.96,476.8,8.92,77.85,0.22,NA,0.06,1.56,0.06,0.72,3.01,-0.01,3.81,78.97,79.02,20.74,22.6175,20.8065,7.1875,7.89,58.50216667
Bridge,2020-08-03,Inner Bay,24.63,25.56,8.8,397.6,8.67,71.66666667,0.13,NA,0.19,9.5,0.03,0.35,5.73,0.16,2.62,49.2,49.39,18.87,17.196,9.38,9.360166667,5.136166667,41.07316667
ODNR 2,2020-08-03,Outer Bay,23.56,22.78,8.75,366.3,7.75,43.49,0.18,NA,0.82,7.63,0.03,0.29,3.99,0.79,2.18,45.17,45.99,21.09,11.17833333,8.4815,6.0205,3.832333333,29.5135
Buoy 2,2020-08-03,Outer Bay,25,26.11,8.81,373,8.45,64.56666667,0.17,0.09,0.2,2.69,0.03,0.31,5.04,0.17,2.1,43.96,44.16,21,13.82683333,8.268,8.029333333,4.7885,34.91333333
ODNR 1,2020-08-03,Outer Bay,24.95,27.22,8.81,327.3,9.01,60.22,NA,NA,1.41,0.98,0.22,0.01,19.31,1.19,1.63,25.75,27.16,16.66,12.214,6.063666667,8.903833333,5.706,32.88683333
EC 1163,2020-08-03,Outer Bay,25.32,26.67,8.82,330.6,8.96,52.28333333,NA,NA,3.43,1.9,0.21,0.06,11.89,3.22,1.58,47.06,50.49,31.95,9.994333333,4.3485,8.519166667,5.221166667,28.08233333
Bells,2020-08-03,Lake Erie,25.47,25.56,8.81,276.1,8.82,22.21333333,NA,NA,10.32,2.13,0.35,0,8.05,9.99,0.62,19.62,29.94,48.29,3.180833333,0.027666667,6.465166667,3.1995,12.87383333
Muddy Creek,2020-08-10,Inner Bay,25.52,26.11,8.41,683,7.12,98.15,0.06,0.06,0.02,2.78,0.09,0.99,44.62,-0.08,5.34,69.46,69.48,13,21.28633333,6.202666667,16.63333333,7.045166667,51.16683333
ODNR 4,2020-08-10,Inner Bay,24.49,27.22,8.4,449.3,7.64,85.28333333,NA,NA,0.1,3.23,0.06,0.13,2.73,0.04,3.85,73.68,73.78,19.17,19.33866667,19.042,3.994166667,6.928166667,49.30266667
ODNR 6,2020-08-10,Inner Bay,25.07,27.78,8.84,427.4,9.08,112.1,0.13,NA,0.09,1.26,0.06,0.03,8.02,0.03,2.96,87,87.08,29.43,19.49266667,25.19516667,0.647333333,8.219166667,53.55333333
Bridge,2020-08-10,Inner Bay,25.56,27.78,8.85,410.2,8.78,80.91666667,0.14,NA,0,0.81,0.04,0.02,10.07,-0.07,2.64,56.15,56.15,21.26,16.72366667,16.13166667,4.207166667,5.068333333,42.131
ODNR 2,2020-08-10,Outer Bay,25.35,27.78,8.88,361.7,9.52,55.59,0.12,NA,0,0.75,0.05,0,6.69,-0.06,1.92,44.01,44.01,22.98,16.11616667,10.31516667,2.988333333,3.441166667,32.86133333
Buoy 2,2020-08-10,Outer Bay,25.66,28.89,8.92,351.5,9.48,50.69666667,0.07,0.08,0,0.51,0.02,0,8.23,-0.05,1.68,31.98,31.98,18.99,14.70333333,8.702833333,2.547333333,3.306833333,29.2605
ODNR 1,2020-08-10,Outer Bay,25.92,28.89,8.97,337.4,NA,47.69,NA,NA,0.16,1.22,0.03,0.01,1.66,0.12,1.61,37.2,37.36,23.16,14.1865,8.637333333,3.193833333,3.2985,29.31483333
EC 1163,2020-08-10,Outer Bay,25.93,30,9,345.3,NA,49.41333333,NA,NA,0,0.96,0.04,0.01,11.89,-0.08,1.85,45.58,45.58,24.63,14.042,11.68816667,1.318666667,4.25,31.29883333
Bells,2020-08-10,Lake Erie,25.47,31.11,8.95,274.8,NA,15.65666667,NA,NA,6.27,2.8,0.46,0,3.41,5.82,0.56,10.74,17.02,30.44,1.705833333,0.130333333,4.284166667,2.932666667,9.052833333
Muddy Creek,2020-08-17,Inner Bay,14.47,24.4,8.49,637,7.41,NA,0.08,0.05,1.56,0,1.11,1.67,37.16,0.45,6.59,69.82,71.38,10.84,NA,NA,NA,NA,NA
ODNR 4,2020-08-17,Inner Bay,24.86,24.4,8.67,574,8.01,NA,NA,NA,0,0,0.09,1.03,21.75,0,6.13,95.71,95.71,15.62,NA,NA,NA,NA,NA
ODNR 6,2020-08-17,Inner Bay,25.18,24.4,8.74,458.2,8.19,NA,0.09,NA,0,0,0.07,0.02,7.37,0,3.79,89.28,89.28,23.56,NA,NA,NA,NA,NA
Bridge,2020-08-17,Inner Bay,24.85,23.9,8.81,417.2,8.19,NA,0.13,NA,0,0,0.05,0,3.51,0,3.1,76.12,76.12,24.6,NA,NA,NA,NA,NA
ODNR 2,2020-08-17,Outer Bay,24.96,25.6,8.88,387.8,8.75,NA,0.13,NA,0,1.51,0.05,0,1.19,0,2.86,81.02,81.02,28.34,NA,NA,NA,NA,NA
Buoy 2,2020-08-17,Outer Bay,25.04,25.6,8.82,347,8.33,NA,0.08,0.05,0.07,1.05,0.03,0,2.21,0.04,2.44,61.96,62.03,25.44,NA,NA,NA,NA,NA
ODNR 1,2020-08-17,Outer Bay,25.11,25,8.94,333.6,8.63,NA,NA,NA,0.21,1.26,0.02,0,5.4,0.19,2.25,71.87,72.08,32.05,NA,NA,NA,NA,NA
EC 1163,2020-08-17,Outer Bay,25.65,80,8.94,344.6,8.95,NA,NA,NA,0,14.85,0.03,0,2.1,0,2.33,50.94,50.94,21.83,NA,NA,NA,NA,NA
Bells,2020-08-17,Lake Erie,25.9,25,8.78,279.9,8.38,NA,NA,NA,7.2,27.8,0.24,0,8.57,6.96,0.71,24.14,31.35,44.21,NA,NA,NA,NA,NA
Muddy Creek,2020-08-25,Inner Bay,26.4,22.8,8.55,633,7.06,NA,0.15,0.1,0,0.09,0.18,1.61,52.7,0,7.1,67.41,67.41,9.5,NA,NA,NA,NA,NA
ODNR 4,2020-08-25,Inner Bay,26.17,26.1,8.76,467.6,7.8,NA,NA,NA,1.26,3.74,0.33,0.81,30.76,0.92,5.42,61.17,62.43,11.52,NA,NA,NA,NA,NA
ODNR 6,2020-08-25,Inner Bay,26.5,27.8,8.96,428.3,9.73,NA,NA,NA,0,0,0.04,0.05,13.91,0,4.42,84.82,84.82,19.17,NA,NA,NA,NA,NA
Bridge,2020-08-25,Inner Bay,26.01,27.8,8.49,389.5,6.99,NA,0.17,NA,0,0.21,0.04,0,22.09,0,3.83,47.05,47.05,12.27,NA,NA,NA,NA,NA
ODNR 2,2020-08-25,Outer Bay,26.47,27.8,9.04,349.2,9.74,NA,0.09,0.09,0,0.25,0,0,12.44,0,2.53,55.48,55.48,21.91,NA,NA,NA,NA,NA
Buoy 2,2020-08-25,Outer Bay,26.24,27.8,9.08,331,10.32,NA,0.09,0.07,0,0.34,0,0,9.81,0,2.13,42.83,42.83,20.13,NA,NA,NA,NA,NA
ODNR 1,2020-08-25,Outer Bay,26.57,27.8,8.93,355.5,8.99,NA,NA,NA,0,1.12,0,0,20.41,0,2.38,49.84,49.84,20.91,NA,NA,NA,NA,NA
EC 1163,2020-08-25,Outer Bay,26.94,27.8,9.08,351.1,9.96,NA,NA,NA,0,0.13,0.02,0,18.99,0,2.98,50.21,50.21,16.82,NA,NA,NA,NA,NA
Bells,2020-08-25,Lake Erie,26.14,27.8,9.02,285.7,9.7,NA,NA,NA,0,0.89,0,0,11.14,0,0.73,28.18,28.18,38.49,NA,NA,NA,NA,NA
Muddy Creek,2020-08-31,Inner Bay,23.33,18.9,8.43,581,7.28,NA,0.08,0.04,0.02,0,0.31,2.2,65.12,0,7.53,66.23,66.25,8.8,NA,NA,NA,NA,NA
ODNR 4,2020-08-31,Inner Bay,23.41,21.1,8.58,500,7.42,NA,NA,NA,0,0,0.19,1.7,48.82,0,6.31,64.37,64.37,10.2,NA,NA,NA,NA,NA
ODNR 6,2020-08-31,Inner Bay,23.71,22.8,8.66,433,8.02,NA,0.16,NA,2.05,1.78,0.4,0.45,42.19,1.65,4.64,86.12,88.17,19.02,NA,NA,NA,NA,NA
Bridge,2020-08-31,Inner Bay,23.68,25,8.89,406.1,9.08,NA,0.2,NA,0,0,0.02,0.03,27.19,0,3.45,57.34,57.34,16.62,NA,NA,NA,NA,NA
ODNR 2,2020-08-31,Outer Bay,23.97,26.1,8.86,367.9,8.75,NA,0.09,NA,0,0,0.03,0,41.02,0,2.93,61.72,61.72,21.06,NA,NA,NA,NA,NA
Buoy 2,2020-08-31,Outer Bay,24.63,26.1,9.09,335.4,10.52,NA,0.15,0.04,0,0,0.05,0,25.2,0,2.59,47.38,47.38,18.28,NA,NA,NA,NA,NA
ODNR 1,2020-08-31,Outer Bay,24.59,26.1,9.12,351,10.84,NA,NA,NA,0,0,0.03,0,35.82,0,2.45,48.99,48.99,19.97,NA,NA,NA,NA,NA
EC 1163,2020-08-31,Outer Bay,24.47,26.1,8.99,307.3,10.31,NA,NA,NA,0,0,0.01,0,25.9,0,1.61,37.43,37.43,23.23,NA,NA,NA,NA,NA
Bells,2020-08-31,Lake Erie,24.8,27.8,8.85,279.8,9.46,NA,NA,NA,0,0,0.13,0,23.91,0,0.82,25.14,25.14,30.69,NA,NA,NA,NA,NA
Muddy Creek,2020-09-08,Inner Bay,20.82,21.7,8.21,661,7.53,NA,0.08,0.07,NA,NA,NA,NA,NA,NA,NA,NA,NA,NA,NA,NA,NA,NA,NA
ODNR 4,2020-09-08,Inner Bay,21.2,22.2,8.46,470.5,6.83,NA,NA,NA,1.4,3.1,0.27,0.9,39.2,1.13,4.71,76.21,77.61,16.48,NA,NA,NA,NA,NA
ODNR 6,2020-09-08,Inner Bay,21.41,22.2,8.19,472.5,7.07,NA,0.07,NA,2.08,4.78,0.19,0.34,53.1,1.9,3.49,69.08,71.16,20.42,NA,NA,NA,NA,NA
Bridge,2020-09-08,Inner Bay,21.48,23.3,8.36,419.2,7.47,NA,0.04,NA,1.06,2.76,0.2,0.19,38.33,0.86,3.2,60.76,61.83,19.3,NA,NA,NA,NA,NA
ODNR 2,2020-09-08,Outer Bay,22.66,23.3,8.52,346.6,7.4,NA,0.04,NA,0.96,7.08,0.11,0.07,26.08,0.85,2.17,38.44,39.4,18.19,NA,NA,NA,NA,NA
Buoy 2,2020-09-08,Outer Bay,22.87,23.9,8.64,337.9,8.26,NA,0.04,0.05,0,1.17,0.13,0.1,31.44,0,2.1,45.44,45.44,21.61,NA,NA,NA,NA,NA
ODNR 1,2020-09-08,Outer Bay,23,24.4,8.62,319.5,8.31,NA,NA,NA,0.17,0.19,0.07,0,30.12,0.1,1.7,34.85,35.03,20.66,NA,NA,NA,NA,NA
EC 1163,2020-09-08,Outer Bay,23.17,24.4,8.7,344.8,8.81,NA,NA,NA,0,0.06,0.03,0.01,33.68,0,1.89,42,42,22.26,NA,NA,NA,NA,NA
Bells,2020-09-08,Lake Erie,24.34,23.9,8.55,279.6,8.4,NA,NA,NA,0,1.21,0.12,0,23.23,0,0.73,19.22,19.22,26.23,NA,NA,NA,NA,NA
Muddy Creek,2020-09-14,Inner Bay,20.58,64,8.48,560,8.24,NA,0.09,0.09,6.1,1.7,0.96,1.17,77.35,5.15,4.73,67.29,73.39,15.51,NA,NA,NA,NA,NA
ODNR 6,2020-09-14,Inner Bay,20.63,64,8.37,485,7.88,NA,0.13,NA,0,0.6,0.07,0.3,70.11,0,2.21,46.37,46.37,20.98,NA,NA,NA,NA,NA
ODNR 2,2020-09-14,Outer Bay,20.9,66,8.43,319,7.67,NA,0.14,NA,0,2.43,0.04,0.05,56.37,0,1.93,38.23,38.23,19.85,NA,NA,NA,NA,NA
Buoy 2,2020-09-14,Outer Bay,20.66,66,8.86,301,9.61,NA,0.14,0.08,0,1.44,0.07,0.02,23.96,0,NA,NA,NA,NA,NA,NA,NA,NA,NA
Bells,2020-09-14,Lake Erie,21.65,66,8.76,264,9.29,NA,NA,NA,0,1.15,0.01,0,13.66,0,1.15,22.82,22.82,19.78,NA,NA,NA,NA,NA
Muddy Creek,2020-09-22,Inner Bay,16.38,55,8.55,531,8.81,NA,NA,NA,NA,NA,NA,NA,NA,NA,NA,NA,NA,NA,NA,NA,NA,NA,NA
ODNR 4,2020-09-22,Inner Bay,16.28,57,8.49,442.2,8.8,NA,NA,NA,NA,NA,NA,NA,NA,NA,NA,NA,NA,NA,NA,NA,NA,NA,NA
ODNR 6,2020-09-22,Inner Bay,16.85,57,8.31,413.2,8.05,NA,NA,NA,NA,NA,NA,NA,NA,NA,NA,NA,NA,NA,NA,NA,NA,NA,NA
Bridge,2020-09-22,Inner Bay,16.73,61,8.37,202.9,8.42,NA,NA,NA,NA,NA,NA,NA,NA,NA,NA,NA,NA,NA,NA,NA,NA,NA,NA
ODNR 2,2020-09-22,Outer Bay,16.96,61,8.35,558.2,8.01,NA,NA,NA,NA,NA,NA,NA,NA,NA,NA,NA,NA,NA,NA,NA,NA,NA,NA
Buoy 2,2020-09-22,Outer Bay,17.15,66,8.53,350.2,8.64,NA,NA,NA,NA,NA,NA,NA,NA,NA,NA,NA,NA,NA,NA,NA,NA,NA,NA
ODNR 1,2020-09-22,Outer Bay,17.27,66,8.8,282.4,9.25,NA,NA,NA,NA,NA,NA,NA,NA,NA,NA,NA,NA,NA,NA,NA,NA,NA,NA
Muddy Creek,2020-10-13,Inner Bay,14.96,12.2,8.43,537,9.58,NA,0.09,0.06,0,0.98,0.07,0.4,60.56,0,4.04,42.99,42.99,10.63,NA,NA,NA,NA,NA
ODNR 6,2020-10-13,Inner Bay,15.31,12.8,8.42,406.4,9.66,NA,0.1,NA,0,0.26,0.05,0.11,52.7,0,1.62,26.98,26.98,16.7,NA,NA,NA,NA,NA
ODNR 2,2020-10-13,Outer Bay,16.34,16.1,8.51,360.7,9.39,NA,0.06,NA,0,0.63,0.01,0,31.78,0,1.29,27.18,27.18,21.15,NA,NA,NA,NA,NA
Buoy 2,2020-10-13,Outer Bay,16.55,16.1,8.51,292.8,9.53,NA,0.11,0.07,0,0.66,0.02,0,16.67,0,1.07,25.62,25.62,24.03,NA,NA,NA,NA,NA
Bells,2020-10-13,Lake Erie,16.89,17.2,8.49,243.6,9.56,NA,NA,NA,0.28,1.53,0.04,0.04,13.38,0.24,1.09,19.46,19.74,18.11,NA,NA,NA,NA,NA
ODNR 2,2022-06-06,Outer Bay,21.75,NA,8.4,484.2,7.52,49.31,0.176777489,0.088276979,88.9,6.74,3.63,0.18,27.19,85.31,2.7,60.38,149.28,55.29,16.9805,6.022833333,14.677,0.639166667,38.31966667
Buoy 2,2022-06-06,Outer Bay,21.29,NA,8.74,450.4,9,58.55,0.511871126,0.039538877,49.21,2.14,1.76,0.1,31,47.47,2.77,61.21,110.42,39.85,16.56666667,8.159333333,14.78316667,0.845666667,40.35583333
ODNR 1,2022-06-06,Outer Bay,21.4,NA,8.71,458.5,9.08,64.06,0.165151377,0.036008669,52.6,0.84,1.97,0.1,30.65,50.65,2.96,67.52,120.12,40.53,18.32966667,7.186666667,18.47166667,0,43.98766667
EC 1163,2022-06-06,Outer Bay,20.72,NA,8.71,343.4,9.19,31.27,0.075104273,0.033249207,43.93,2.87,1.13,0.02,32.69,42.82,1.99,46.29,90.21,45.41,9.014166667,6.0155,10.991,0.187833333,26.20783333
Bells,2022-06-06,Lake Erie,19.92,NA,5.85,267.8,9.14,13.1,0.036037498,0.017576046,41.52,1.64,0.56,0,44.63,40.98,1.1,28.84,70.36,63.7,2.562,0.688166667,4.270666667,0.45,7.97
Muddy Creek,2022-06-13,Inner Bay,23.01,21.11,7.86,472,6.25,43.36,NA,NA,538.02,13,11.63,1.61,340.33,526.39,6.23,98.53,636.55,102.17,15.84483333,4.290833333,25.778,0,45.91333333
ODNR 4,2022-06-13,Inner Bay,22.73,22.47,8.3,463,7.67,40.14,0.153909718,0.09253232,270.82,7.68,7.1,1.01,105.87,263.72,4.9,45.84,316.66,64.61,10.11583333,4.384166667,11.381,1.428833333,27.3105
ODNR 6,2022-06-13,Inner Bay,23.25,21.01,8.84,485.3,11.75,125.03,0.737324517,0.230099292,89.69,0.72,3.44,0.06,28.97,86.29,3.56,94.85,184.54,51.8,13.87666667,48.82216667,10.10433333,2.324166667,75.12766667
Bridge,2022-06-13,Inner Bay,23.46,23.08,8.55,490.6,9.11,85.75,0.384723354,0.104651963,101.38,1.72,4.24,0.12,28.49,97.18,4.1,83.01,184.39,45,15.17116667,19.96333333,14.21216667,3.650833333,52.99716667
ODNR 2,2022-06-13,Outer Bay,23.15,22.35,8.8,472.1,10.06,102.34,NA,0.274204647,56.35,9.63,2.48,0.12,33.92,53.89,3.44,78.41,134.75,39.21,11.36566667,22.556,7.904333333,4.3575,46.1845
Buoy 2,2022-06-13,Outer Bay,22.9,22.03,8.78,394.5,9.58,32.33,0.985007562,0.109971606,39.09,0.76,1.45,0.07,34.51,37.65,2.09,56.53,95.61,45.82,7.066666667,18.46816667,6.5355,2.203,34.27266667
ODNR 1,2022-06-13,Outer Bay,23.11,23.15,8.91,404,10.94,107.46,0.808679238,0.170389718,38.35,0.62,1.52,0.07,32.46,36.85,3.02,78.68,117.04,38.7,13.85233333,29.31983333,5.561,14.6365,63.36966667
EC 1163,2022-06-13,Outer Bay,22.83,23.45,8.66,311.6,9.35,26.35,0.097164541,0.056832453,43.82,0.72,0.78,0.06,44.8,43.06,1.16,30.67,74.49,64.27,NA,NA,NA,NA,NA
Bells,2022-06-13,Lake Erie,21.64,24.32,8.59,275.7,9.22,9.23,0.042598944,0.024666414,39.42,1.45,0.56,0.02,44.64,38.89,0.52,22.91,62.33,118.95,1.726,0.695166667,4.3385,0.713166667,7.473333333
Muddy Creek,2022-06-21,Inner Bay,22.99,26,7.83,358.5,5.78,23.53,0.14,0.08,638.29,6.76,21.99,2.7,385.17,616.3,7.52,0.53,638.82,85.01,13.63716667,4.177833333,12.04683333,0.062666667,29.9245
ODNR 4,2022-06-21,Inner Bay,22.52,28,8.26,368.3,8.2,70.38,NA,0.01,444.28,0.86,14.65,1.55,167.07,429.63,6.57,99.47,543.75,82.83,15.37783333,7.551333333,43.6345,0.246,66.80916667
ODNR 6,2022-06-21,Inner Bay,22.85,28,8.8,458.7,9.86,83.21,NA,0.08,366.26,0.61,7.6,0.54,92.69,282.67,3.82,7.57,373.83,97.8,16.08733333,11.91433333,35.199,3.510666667,66.7105
Bridge,2022-06-21,Inner Bay,23.12,29,8.74,475,9.4,76.13,1.06,0.11,116.28,0.78,4.44,0.28,90.89,111.88,4.03,91.81,208.09,51.6,11.18383333,51.69533333,8.568333333,0.773666667,72.22216667
ODNR 2,2022-06-21,Outer Bay,23.71,30,8.89,468.4,10.88,66.49,1.49,NA,104.78,0.03,4.23,0.21,186.45,100.58,3.44,29.97,134.75,39.21,11.12283333,59.66816667,7.097666667,1.188833333,79.0765
Buoy 2,2022-06-21,Outer Bay,22.91,32,8.93,491.2,12.63,64.53,0.08,1.41,54.43,0,2.6,0,161.07,51.84,2.09,41.18,95.61,45.82,18.8215,41.40833333,8.039166667,3.107166667,71.376
ODNR 1,2022-06-21,Outer Bay,23.77,32,9,465.8,11.93,42.07,0.18,3.99,69.04,1.15,2.83,0.17,118.88,66.23,3.02,47.99,117.04,38.7,8.752,22.78466667,5.36,1.164166667,38.061
EC 1163,2022-06-21,Outer Bay,23.54,32,8.95,377.3,10.99,43.28,0.08,NA,56.5,0.6,1.71,0.02,79.43,54.8,1.16,17.99,74.49,64.27,6.078666667,10.6435,9.707666667,0.838166667,27.2675
Bells,2022-06-21,Lake Erie,22.93,30,8.78,277.5,9.76,21.31,NA,NA,39.79,1.09,0.63,0.04,111.09,39.17,0.52,22.54,62.33,118.95,2.952333333,1.749333333,14.63666667,0.005666667,19.34483333
Muddy Creek,2022-06-27,Inner Bay,24.17,19,8.96,386.8,8.46,71.18,0.343965001,0.073177887,349.41,4.63,11.56,0.75,80.52,318.22,5.15,102.88,452.29,87.76,18.32633333,8.848666667,54.943,2.918333333,85.03716667
ODNR 4,2022-06-27,Inner Bay,24.31,21,8.84,387.7,8.06,112.51,1.202654002,0.096023059,254.41,4.35,7.98,0.41,44.15,246.83,3.48,90.25,344.66,99.2,15.53616667,10.3555,19.83583333,12.706,58.4335
ODNR 6,2022-06-27,Inner Bay,23.94,21,8.69,436,8.85,48.87,1.510276204,0.131843986,279.65,1.11,8.25,0.14,34.21,226.2,2.57,48.61,328.26,127.7,11.56616667,25.09683333,11.52716667,3.935833333,52.12516667
Bridge,2022-06-27,Inner Bay,24.34,21,8.48,470.7,8.22,96.21,1.632987683,0.115281143,77.54,5.28,4.11,0.12,49,73.51,2.78,86.63,164.17,59.03,11.00133333,38.9515,8.7115,0.815666667,59.4785
ODNR 2,2022-06-27,Outer Bay,24.36,22,8.84,445.7,9.8,59.94,1.411327631,0.109918877,42.84,1.21,2.53,0.03,26.25,40.36,2.64,93.75,136.59,51.79,5.9595,44.567,5.651666667,0.186833333,56.36533333
Buoy 2,2022-06-27,Outer Bay,24.2,22,8.35,435.4,7.62,34.15,0.049636735,0.011757031,44.49,8.68,2.17,0.22,49.58,42.37,1.91,59.29,103.78,54.35,6.564833333,14.7345,8.3545,1.931,31.58383333
ODNR 1,2022-06-27,Outer Bay,23.95,21,8.59,400.3,8.54,41.26,1.261780868,0.174482078,38.37,3.77,1.71,0.05,27.77,36.71,2.13,63.08,101.45,47.72,4.852166667,15.64083333,10.4135,0.117333333,31.02266667
EC 1163,2022-06-27,Outer Bay,23.34,22,8.8,338,9.37,64.33,0.403374004,NA,31.26,1.27,1.07,0,21.4,30.24,0.79,43.37,74.63,95.13,7.667166667,11.86116667,18.133,0,37.662
Muddy Creek,2022-07-05,Inner Bay,25.62,21,8.85,448.3,8.84,298.47,0.018119464,NA,207.75,4.29,8.39,0.63,12.21,185.23,10.6,115.42,323.17,30.48,15.92666667,26.23716667,95.49783333,0,137.6618333
ODNR 4,2022-07-05,Inner Bay,24.54,21,8.88,372.9,7.5,114.65,0.098431224,0.011793492,146.13,3.74,6.23,0.43,13.01,143.33,4.88,99.63,245.76,50.37,16.204,21.4365,23.16333333,0,60.80383333
ODNR 6,2022-07-05,Inner Bay,24.77,22,8.66,418.8,8.38,98.52,0.176592783,0.053799929,100.61,6.32,4.54,0.12,74.6,101.37,3.72,112.51,213.12,57.28,19.753,41.5445,11.78166667,9.458166667,82.537
Bridge,2022-07-05,Inner Bay,25.2,22,8.28,432.6,7.83,34.82,0.690709395,0.218074429,41.88,6.26,2.44,0.1,72.67,39.48,3.44,110.04,151.92,44.11,20.95733333,68.60883333,22.56066667,1.307833333,113.4353333
ODNR 2,2022-07-05,Outer Bay,25.05,23,8.41,443.7,7.15,80.37,4.725607495,0.104001601,8.64,5.52,0.85,0.14,61.63,7.79,3.4,84.72,93.36,27.48,11.00033333,13.246,13.37583333,3.562,41.18516667
Buoy 2,2022-07-05,Outer Bay,24.64,24,8.32,439.3,7.07,39.12,1.965605923,0.096110383,1.64,3.01,0.16,0.04,135.27,1.48,1.76,70.38,72.02,40.88,9.835166667,28.14133333,6.198833333,0,44.17483333
ODNR 1,2022-07-05,Outer Bay,24.75,24,8.4,411.4,7.69,59.61,0.557540487,0.08529288,2.23,1.36,0.12,0.03,143.04,2.11,2.84,74.06,76.29,26.91,9.631333333,36.88833333,5.088666667,0,51.60816667
EC 1163,2022-07-05,Outer Bay,24.82,24,8.38,411.8,6.81,36,0.309848006,0.126547009,2.73,2.83,0.22,0.07,108.49,2.51,1.53,54.13,56.86,37.16,4.943666667,14.4695,4.2925,0.259,23.965
Muddy Creek,2022-07-11,Inner Bay,23.8,24,8.74,519,10.35,180.92,NA,0.04223324,199.86,2.06,7.34,0.37,96.12,167.35,5.48,54.84,254.7,46.45,33.23816667,18.339,63.29116667,1.193,116.0606667
ODNR 4,2022-07-11,Inner Bay,24.19,25,9.1,416.1,11.37,142.57,3.714610519,0.594583794,27.6,0.47,1.75,0.13,51.57,25.87,4.79,103.61,131.21,27.41,34.89307692,57.76846154,33.82153846,0,126.4838462
ODNR 6,2022-07-11,Inner Bay,24.38,26,9.12,394.1,10.25,164.42,0.397435669,0.13470954,55.68,1.68,3.17,0.1,92.64,52.57,3.96,104.32,160,40.43,NA,NA,NA,NA,NA
Bridge,2022-07-11,Inner Bay,24.9,27,8.61,407,7.57,71.32,0.315616786,0.068893025,34.86,1.11,2.04,0.13,104.87,32.85,4,88.16,123.02,30.74,25.65633333,39.6845,22.8775,2.089,90.308
ODNR 2,2022-07-11,Outer Bay,24.51,28,8.38,447,7.01,34.16,1.166225746,0.645406052,0.33,0.69,0.07,0.29,150.43,0.27,2.89,62.83,63.16,21.83,12.05416667,14.07683333,9.114833333,0,35.24466667
Buoy 2,2022-07-11,Outer Bay,24.44,28,8.46,443.8,7.88,36.92,0.376448489,1.70983739,0.13,1.51,0.03,0.14,132.61,0.1,2.24,55.23,55.36,24.71,15.7445,17.51566667,12.25133333,0,45.511
ODNR 1,2022-07-11,Outer Bay,24.65,29,8.4,445.8,7.24,36.17,2.444150459,0.169280417,1.27,1.11,0.03,0.18,141.48,1.25,2.25,61.38,62.65,27.88,16.76216667,15.7995,9.902833333,0,42.46483333
EC 1163,2022-07-11,Outer Bay,24.3,30,8.61,358.7,8.18,51.63,1.532308926,0.098960421,0,0.69,0.01,0,123.31,0,2.13,50.93,50.93,23.93,13.46516667,19.79266667,11.43866667,0,44.6965
Bells,2022-07-11,Lake Erie,23.93,30,8.64,298.6,8.99,32.35,0.779469158,0.358682157,17.86,1.66,0.39,0.01,111.25,17.51,1.18,37.66,55.51,46.93,5.647333333,12.6405,8.979166667,0.104166667,27.37066667
Muddy Creek,2022-07-18,Inner Bay,24.52,22,8.31,460.6,6.63,71.78,0.018356545,0.029284242,61.29,7.39,4.26,1.18,93.78,57.07,7.3,107.54,168.83,23.12,37.83316667,20.9595,43.63116667,0,102.4238333
ODNR 4,2022-07-18,Inner Bay,24.51,23,8.32,452,6.45,73.24,0.215581535,0.212282763,19.75,10.37,2.64,1.05,31.79,17.09,5.59,103.8,123.55,22.12,35.36516667,25.494,40.09183333,0,100.9506667
ODNR 6,2022-07-18,Inner Bay,24.62,24,8.98,383.3,8.68,88.35,0.357334049,0.070530249,3.62,4.07,0.44,0.31,77.59,3.17,4.62,107.48,111.09,24.04,38.71383333,55.52316667,36.3015,0,130.537
Bridge,2022-07-18,Inner Bay,24.5,25,8.45,395,6.395,85.03,0.465011334,0.028298678,3.73,5.11,0.31,0.39,159.11,3.42,4.16,86.41,90.14,21.7,30.52383333,42.19633333,26.4485,2.787333333,101.9551667
ODNR 2,2022-07-18,Outer Bay,24.46,25,8.17,436.4,6.31,51.47,0.152740492,0.061778045,4.17,2.41,0.33,0.55,188,3.84,2.89,59,63.16,21.83,20.509,22.64583333,15.24416667,0,58.39816667
Buoy 2,2022-07-18,Outer Bay,24.52,24,8.21,425.3,6.49,16.3,0.201665185,0.033356569,0.29,3.43,0.05,0.38,211.54,0.25,1.82,46.83,47.12,25.91,13.03166667,14.54183333,7.912333333,0.082666667,35.5685
ODNR 1,2022-07-18,Outer Bay,24.62,24,8.23,437,6.48,32.9,0.022301147,0.219825687,0.8,0.44,0.1,0.38,220.02,0.71,2.01,51.97,52.77,26.29,15.78033333,15.63316667,9.305833333,0.610333333,41.33016667
EC 1163,2022-07-18,Outer Bay,24.61,25,8.35,398.5,6.99,34.77,0.125207521,0.109814233,1.02,0.49,0.08,0.13,170.51,0.94,1.84,48.04,49.06,26.66,NA,NA,NA,NA,NA
Causeway,2022-07-18,Outer Bay,24.49,25,8.64,364.6,8.63,57.03,0.288995675,NA,0,0.65,0.02,0.03,189.61,0,2.24,57.77,57.66,25.75,15.3385,19.7085,11.22633333,0,46.2725
Bells,2022-07-18,Lake Erie,24.43,25,8.77,284,8.82,13.01,0.20497141,NA,13.87,1.93,0.46,0,68.86,13.44,0.46,27.83,41.7,91.55,3.523,9.170833333,5.733833333,0.2635,18.69166667
Muddy Creek,2022-07-25,Inner Bay,25.96,23,8.32,617,6.35,127.62,0.13727047,0.106471489,70.4,3.67,4.34,1.49,204.93,66.13,6.19,93.27,163.67,26.43,33.43316667,22.765,43.66766667,0,99.866
ODNR 4,2022-07-25,Inner Bay,25.86,23,8.34,459,6.14,78.75,0.366961176,0.225261764,2.39,1.06,0.27,1.47,185.79,2.12,5.59,121.16,123.55,22.12,33.321,47.0515,24.1565,0,104.5293333
ODNR 6,2022-07-25,Inner Bay,25.83,23,9,407.5,8.05,167.2,0.887840771,0.268315967,0.31,1.28,0.03,1.81,86.72,0.29,6.75,105.71,106.02,15.71,48.975,63.95316667,42.06616667,0,154.994
Bridge,2022-07-25,Inner Bay,25.97,25,8.49,419.8,6.97,57.46,0.389717651,0.149062461,0,0.66,0.02,0.48,187.22,0,2.9,57.81,57.81,19.95,23.25383333,25.62966667,16.99416667,0,65.87666667
ODNR 2,2022-07-25,Outer Bay,25.95,24,8.62,402.2,7.47,41.25,0.729517169,0.577540031,0.04,0.75,0,0.34,225.72,0.03,1.77,47.5,47.53,26.92,12.67683333,11.18666667,6.555666667,0,30.4195
Buoy 2,2022-07-25,Outer Bay,25.84,24,8.75,386.9,8.85,54.58,0.410973826,0.222642768,0,7.7,0.02,0.02,192.4,0,1.69,50.63,50.59,30,20.11316667,21.37516667,18.21916667,0,59.70733333
ODNR 1,2022-07-25,Outer Bay,25.97,24,8.72,402.2,9,69.58,0.369071065,0.093138544,0.33,1.31,0.06,0.14,212.54,0.27,1.89,55.41,55.74,29.58,21.1055,23.61466667,16.95116667,0,61.67216667
EC 1163,2022-07-25,Outer Bay,25.41,24,8.55,382,7.96,57,0.219266346,0.066655902,1.9,15.84,0.3,0.17,223.19,1.6,1.74,51.18,53.08,30.55,NA,NA,NA,NA,NA
Causeway,2022-07-25,Outer Bay,26.4,24,8.82,376.9,8.92,44.04,NA,0.15,0,0.54,0.01,0,192.47,0,1.88,58.6,58.48,31.07,25.46433333,18.84316667,10.9375,0,55.24433333
Bells,2022-07-25,Lake Erie,25.19,24,8.9,279.7,9.12,14.92,NA,NA,14.53,0.37,0.62,0.02,61.84,13.94,0.21,23.1,37.63,180.04,0,5.010666667,5.829166667,2.422833333,13.26316667
Muddy Creek,2022-08-01,Inner Bay,25.11,22.73,8.52,557,8.62,185.08,0.359274339,0.079785356,1.25,1.21,0.93,0.3,60.39,0.32,11.13,131.9,133.15,11.97,NA,NA,NA,NA,NA
ODNR 4,2022-08-01,Inner Bay,25,23.5,8.57,502,6.72,91.59,0.187193862,0.14479307,0,0.82,0.02,1.11,78.83,0,6.06,86.21,86.21,14.22,NA,NA,NA,NA,NA
ODNR 6,2022-08-01,Inner Bay,24.69,23.19,8.81,456.9,8.22,127.66,0.321690664,0.137635429,0,0.63,0.04,1.3,76.71,0,6.13,91.71,91.71,14.97,NA,NA,NA,NA,NA
Bridge,2022-08-01,Inner Bay,24.89,23.86,8.79,428.5,7.82,93.38,0.236401712,0.221938084,0,1.82,0.02,1.6,81.57,0,5.61,81.17,81.17,14.46,NA,NA,NA,NA,NA
ODNR 2,2022-08-01,Outer Bay,25.13,22.45,8.51,435.1,7.22,67.32,0.074728734,0.066964766,0,0.88,0.03,0.65,92.01,0,3.57,62.75,62.75,17.56,NA,NA,NA,NA,NA
Buoy 2,2022-08-01,Outer Bay,25.17,23.53,8.64,400.4,7.34,18.77,0.229813564,0.227842632,0.05,3.47,0.01,0.12,85.42,0.04,2.26,48.97,49.03,21.69,NA,NA,NA,NA,NA
ODNR 1,2022-08-01,Outer Bay,25.2,23.82,8.53,418.1,7.25,42.06,0.207259359,0.114647068,0,0.59,0.01,0.43,97.6,0,2.48,50.38,50.38,20.29,NA,NA,NA,NA,NA
EC 1163,2022-08-01,Outer Bay,25.03,23.25,8.69,373.3,8.28,65.11,0.200345025,0.039686747,0,0.52,0.01,0.01,63.28,0,2.17,53.96,53.96,24.85,NA,NA,NA,NA,NA
Causeway,2022-08-01,Outer Bay,25.6,23.57,8.82,368.9,9.1,52.21,0.074942238,NA,0,0.36,0,0,72.46,0,2.1,56.76,56.76,26.99,NA,NA,NA,NA,NA
Bells,2022-08-01,Lake Erie,24.87,24,8.87,276.6,9.03,18.65,0.895045578,0.144648714,8.84,2.15,0.48,0,16.45,8.36,0.54,24.5,33.34,61.52,NA,NA,NA,NA,NA
ODNR 4,2022-08-09,Inner Bay,26.28,22,8.2,471.2,6.04,127.63,0.352725276,0.176569075,0.98,2.44,0.17,1.59,100.01,0.81,6.35,88.06,89.04,14.02,NA,NA,NA,NA,NA
ODNR 6,2022-08-09,Inner Bay,26.4,22,8.6,461.5,7.2,125.17,0.324584571,0.09898772,0,1.59,0.03,2.55,102.31,0,7.09,84.68,84.68,11.94,NA,NA,NA,NA,NA
Bridge,2022-08-09,Inner Bay,26.4,22,8.5,447,6.59,92.02,0.199699323,0.153393274,0,1.22,0,0.97,95.76,0,4.51,70.07,70.07,15.55,NA,NA,NA,NA,NA
ODNR 2,2022-08-09,Outer Bay,26.33,NA,8.4,405.8,7.46,77.61,0.212899246,0.234757501,0,1.01,0.01,0.37,111.32,0,3.02,53.77,53.77,17.83,NA,NA,NA,NA,NA
ODNR 1,2022-08-09,Outer Bay,25.38,22,8.6,366.4,8.02,87.58,0.081608448,0.049597649,0,2.08,0.02,0.14,112.73,0,2.62,55.85,55.85,21.32,NA,NA,NA,NA,NA
Causeway,2022-08-09,Outer Bay,20.02,22,8.6,354.7,7.75,94.92,0.10502657,NA,NA,NA,NA,NA,NA,NA,NA,NA,NA,NA,NA,NA,NA,NA,NA
Muddy Creek,2022-08-15,Inner Bay,22.26,22,8.07,601,5.36,39.47,NA,0.45,27.09,21.25,2.87,2.26,91.94,24.22,6.61,72.88,99.98,15.13,NA,NA,NA,NA,NA
ODNR 4,2022-08-15,Inner Bay,22.51,22,8.4,567,6.47,52.41,0.205797483,0.181133504,0.89,2.98,0.19,1.94,110.87,0.7,6.6,83.09,83.98,12.73,NA,NA,NA,NA,NA
ODNR 6,2022-08-15,Inner Bay,23.09,22,8.69,447.6,8.07,48.19,0.04,NA,0,1.37,0.04,3.03,108.79,0,7.13,83.57,83.57,11.72,NA,NA,NA,NA,NA
Bridge,2022-08-15,Inner Bay,23.21,22,8.27,417.2,6.39,64.35,0.199417737,0.069601599,0.01,1.04,0.08,1.13,102.89,0,3.68,58.95,58.97,16.03,NA,NA,NA,NA,NA
ODNR 2,2022-08-15,Outer Bay,23.36,22,8.21,397.4,6.61,42.1,0.273534066,0.101511725,0,1.37,0.02,1,97.07,0,2.98,49.45,49.45,16.61,NA,NA,NA,NA,NA
Buoy 2,2022-08-15,Outer Bay,23.26,22,8.56,360.8,7.15,51.51,0.276972536,0.117800507,0,1.11,0.02,0.29,97.62,0,2.54,50.29,50.29,19.81,NA,NA,NA,NA,NA
ODNR 1,2022-08-15,Outer Bay,23.22,22,NA,328.3,8.14,24.84,0.133224726,0.088465538,0,1.15,0.01,0.33,56,0,2.11,46.03,46.03,21.85,NA,NA,NA,NA,NA
EC 1163,2022-08-15,Outer Bay,23.35,22,8.65,311.2,8.37,10.72,0.081525674,0.102294323,0,2.2,0,0.05,44.93,0,1.48,36.56,36.56,24.74,NA,NA,NA,NA,NA
Causeway,2022-08-15,Outer Bay,23.38,22,8.77,329.1,9.27,24.09,0.139867824,0.125934542,0,2.88,0,0.06,63.68,0,2.16,54.18,54.18,25.04,NA,NA,NA,NA,NA
Muddy Creek,2022-08-29,Inner Bay,24.8,24,8.43,482.6,6.92,88.34,0.131620332,0.082413485,35.33,7.58,1.34,1.06,100.94,33.98,10.41,99.37,134.7,12.94,NA,NA,NA,NA,NA
ODNR 4,2022-08-29,Inner Bay,24.5,24,8.33,523,6.32,73.68,0.264667277,0.094607479,0,2.43,0.03,0.83,133.7,0,4.87,73.18,73.18,15.03,NA,NA,NA,NA,NA
ODNR 6,2022-08-29,Inner Bay,24.7,24,8.69,511,7.86,61.99,0.32587716,0.081206527,0,2.54,0.04,1.54,130.06,0,5.46,72.32,72.32,13.26,NA,NA,NA,NA,NA
Bridge,2022-08-29,Inner Bay,25.02,24,8.03,476,7.5,31.45,0.347676306,0.070533398,0,1.91,0.03,0.87,121.4,0,4.41,67.37,67.37,15.28,NA,NA,NA,NA,NA
ODNR 2,2022-08-29,Outer Bay,24.91,24,8.46,447.3,7.19,53.74,0.244356156,0.093364465,0,2.82,0.02,0.33,122.89,0,3.32,57.47,57.47,17.31,NA,NA,NA,NA,NA
Buoy 2,2022-08-29,Outer Bay,24.8,24,8.6,414.2,7.66,64.27,0.244045012,0.107549857,0,1.75,0.02,0.07,83.02,0,2.47,53.88,53.88,21.86,NA,NA,NA,NA,NA
ODNR 1,2022-08-29,Outer Bay,24.91,24,8.61,421.4,7.82,62.53,0.286531586,0.078697385,0,0.97,0.01,0.18,109.63,0,2.67,55.21,55.21,20.67,NA,NA,NA,NA,NA
EC 1163,2022-08-29,Outer Bay,24.95,24,8.8,361.7,8.79,65.39,0.193314459,0.13999033,0,1.09,0.01,0.04,64.53,0,2.18,50.26,50.26,23.1,NA,NA,NA,NA,NA
Causeway,2022-08-29,Outer Bay,25.75,24,8.78,334.5,9,49.85,0.13999033,0.21659079,0,3.29,0.02,0.02,47.93,0,1.84,50.95,50.95,27.68,NA,NA,NA,NA,NA
Muddy Creek,2022-09-12,Inner Bay,23.51,17,8.49,467.2,7.55,120.43,NA,NA,33.24,3.89,0,1.35,144.23,33.23,8.13,85.47,118.71,14.59,NA,NA,NA,NA,NA
ODNR 4,2022-09-12,Inner Bay,22.9,17,8.42,527,7.05,81.56,NA,NA,0,0,0.04,1.39,136.11,0,7.79,79.94,79.94,10.26,NA,NA,NA,NA,NA
ODNR 6,2022-09-12,Inner Bay,22.7,17,8.65,490.6,8.12,77.42,NA,NA,0.21,0,0.03,2.07,154.44,0.19,6.29,75.03,75.25,11.96,NA,NA,NA,NA,NA
Bridge,2022-09-12,Inner Bay,22.8,17,8.52,452,7.81,42.39,NA,NA,0.32,7.47,0.08,1.26,127.24,0.24,4.39,62.1,62.42,14.22,NA,NA,NA,NA,NA
ODNR 2,2022-09-12,Outer Bay,22.9,18,8.47,443.8,7.85,60.2,NA,NA,0,0,0.03,0.64,122.24,0,3.7,60.3,60.3,16.28,NA,NA,NA,NA,NA
Buoy 2,2022-09-12,Outer Bay,22.9,18,8.64,394.2,8.25,63.94,NA,NA,0,0,0.01,0.15,63.42,0,4.45,53.32,53.32,11.98,NA,NA,NA,NA,NA
ODNR 1,2022-09-12,Outer Bay,22.7,18,8.64,405.3,8.17,70.51,NA,NA,0,0,6.55,0.67,112.85,0,3.79,59.34,59.34,15.65,NA,NA,NA,NA,NA
EC 1163,2022-09-12,Outer Bay,22.9,18,8.74,390.6,8.31,55.78,NA,NA,0,0,0.01,0.21,99.69,0,3.56,56.01,56.01,15.73,NA,NA,NA,NA,NA
Causeway,2022-09-12,Outer Bay,22.5,18,8.92,325.7,9.09,44.11,NA,NA,0,1.1,0,0.04,43.17,0,3.92,60.69,60.69,15.5,NA,NA,NA,NA,NA
Muddy Creek,2023-05-30,Inner Bay,21.36,24.444,8.56,551.5,11.33,33.15,0.451735802,0.173140607,109.85,3.73,3.38,0.03,1.95,106.52,4.433,96.029,205.879,46.44236409,51.76883333,19.56166667,48.72616667,0.027333333,120.0833333
ODNR 4,2023-05-30,Inner Bay,20.79,24.444,8.75,457.6,12.23,25.16,0.374417278,0.200085142,27.61,0.96,0.59,0,6,27.03,2.5115,64.679,92.2885,36.74636671,35.70666667,18.15633333,26.87066667,1.579833333,82.31216667
ODNR 6,2023-05-30,Inner Bay,20.3,26.667,8.76,458.2,12.13,29.59,0.109037977,0.096201942,67.09,2.93,1.2,0,12.17,65.94,2.3935,66.207,133.2965,55.69103823,34.50316667,3.141666667,34.03783333,14.2055,85.88733333
Bridge,2023-05-30,Inner Bay,21.08,27.667,8.78,434.6,10.71,15.04,0.292932646,0.265834382,50.85,1.61,0.94,0.01,3.35,49.94,2.0705,53.298,104.1475,50.30065202,23.66166667,8.644833333,10.65216667,3.949666667,46.90866667
ODNR 2,2023-05-30,Outer Bay,20.49,26.667,8.92,374.3,12.94,31.17,0.15332036,0.144550193,32.34,1.81,0.57,0,3.68,31.8,1.59,47.984,80.3235,50.51792453,16.75583333,7.934,7.0085,2.3725,34.07083333
Buoy 2,2023-05-30,Outer Bay,20.69,28.333,8.87,390.2,12.22,49.61,0.174941667,0.096835869,34.84,2.53,0.63,0,6.96,34.24,1.874,52.498,87.3375,46.60485592,19.605,10.2125,6.534166667,2.511666667,38.86216667
ODNR 1,2023-05-30,Outer Bay,20.96,26.667,8.95,401.7,12.1,26.05,0.206231628,0.141895238,40.34,1.07,0.7,0,7.62,39.68,1.838,55.263,95.6025,52.01441785,21.45233333,9.865166667,9.174833333,3.306833333,43.7995
EC 1163,2023-05-30,Outer Bay,20.9,27.222,9.05,322.4,12.98,39.08,0.183678828,0.195100779,33.16,1.17,0.45,0,4.17,32.73,1.048,32.998,66.1575,63.1273855,9.583166667,1.808,11.73716667,2.66,25.78833333
Causeway,2023-05-30,Outer Bay,20.8,27.222,8.81,315.8,11.05,14.08,NA,0.087272999,24.16,0.69,0.46,0.01,8.89,23.72,1.284,37.201,61.361,47.78894081,14.44583333,1.6515,16.636,0.62,33.35383333
Bells,2023-05-30,Lake Erie,19.71,27.222,8.76,262.1,11.3,17.61,NA,0.05618285,40.34,0.97,0.36,0,17.59,40.02,0.671,21.138,61.4775,91.62071535,4.9675,0.313333333,10.45666667,1.3755,17.11383333
Muddy Creek,2023-06-06,Inner Bay,21.45,21.111,8.46,523.5,9.19,122.49,0.372472043,0.213443848,0.32,1.51,0.15,0.35,15.1,0.17,8.85,151.4,151.72,17.15,38.31666667,59.71233333,31.18366667,0.011166667,129.2243333
ODNR 4,2023-06-06,Inner Bay,21.06,21.111,8.47,457.9,8.72,40.68,0.20160766,0.19844158,0.32,0.62,0.07,0.07,16.98,0.26,5.18,93.51,93.83,18.1,36.62783333,67.093,17.15,0,120.871
ODNR 6,2023-06-06,Inner Bay,21.2,21.111,8.55,447.1,9.13,26.29,0.331116445,0.078793423,13.39,1.05,0.34,0.02,17.72,13.06,3.78,73.15,86.54,22.88,30.8755,42.26666667,16.97716667,0,90.119
Bridge,2023-06-06,Inner Bay,21.59,21.111,8.51,448.1,8.9,42.37,0.185384435,0.262985985,4.06,0.71,0.26,0,13.14,3.8,3.89,83.87,87.93,22.61,32.36916667,59.5015,16.80366667,0.001833333,108.6765
ODNR 2,2023-06-06,Outer Bay,21.52,20.556,8.74,416.4,10,43.15,0.204899286,0.06189588,5.01,1.02,0.23,0,18.12,4.78,3.27,71.69,76.7,23.45,29.03866667,54.60383333,15.18883333,0.080666667,98.9115
Buoy 2,2023-06-06,Outer Bay,21.17,20.556,8.73,377.4,9.89,20.94,0.256152948,0.105601354,6.68,0.67,0.22,0,11.28,6.46,3.06,67.06,73.73,24.1,24.71083333,42.71433333,14.09533333,0.026,81.54666667
ODNR 1,2023-06-06,Outer Bay,21.4,20.556,8.8,371.2,10.14,17.22,0.136505977,0.004151866,8.18,1.13,0.23,0,10.1,7.96,2.6,57.7,65.88,25.36,21.687,37.72233333,11.98216667,0,71.39133333
EC 1163,2023-06-06,Outer Bay,20.65,20.556,8.58,318.5,8.96,18.14,0.059392508,0.076504572,23.34,0.85,0.33,0.01,18.13,23.04,2.12,42.84,66.18,31.29,13.171,19.61783333,9.7895,0.041666667,42.62066667
Causeway,2023-06-06,Outer Bay,21.13,20.556,8.4,337.9,8.29,10.37,NA,NA,18.59,2.01,0.49,0.01,20.82,18.11,1.47,37.66,56.25,38.32,14.5575,9.499166667,10.29383333,0.076833333,34.427
Bells,2023-06-06,Lake Erie,20.91,20.556,8.24,269.5,8.01,2.61,0.026483784,0.041460791,43.71,4.64,0.38,0.27,28.69,43.39,1.52,24.89,68.6,45.03,0.101,0.888,1.299166667,0.446833333,2.734666667
Muddy Creek,2023-06-13,Inner Bay,17.87,13.889,8.04,499.3,7.02,122.54,1.017711626,0.104595076,3.66,13.44,0.59,1.1,41.62,3.07,7.84,107.5,111.16,14.17,21.0575,33.598,18.70483333,0.064833333,73.42466667
ODNR 4,2023-06-13,Inner Bay,17.91,13.889,8.26,419.3,7.62,95.94,0.550717413,0.121017673,0.78,2.37,0.08,0.9,31.9,0.7,6.15,98.56,99.33,16.14,14.2704918,58.56383333,2.897833333,0,75.72716667
ODNR 6,2023-06-13,Inner Bay,18.21,16.111,8.44,425.9,8.28,58.62,0.284862719,0.2069583,0.03,0.85,0.05,0.48,16.59,0,4.1,73.34,73.38,17.88,10.0385,34.9445,2.234666667,0.2465,47.46433333
Bridge,2023-06-13,Inner Bay,18.63,13.889,8.11,420.3,7.55,94.07,0.311454252,0.279280899,0.4,1.62,0.08,0.29,30.43,0.32,4.2,81.59,81.98,19.52,12.20633333,58.26466667,3.076166667,0.082,73.62966667
ODNR 2,2023-06-13,Outer Bay,18.69,15.556,8.15,410.7,7.62,81.2,0.280908817,0.13993861,0.49,2.71,0.06,0.37,24.58,0.43,3.94,71.89,72.38,18.39,12.36333333,56.24366667,2.455,0,71.062
Buoy 2,2023-06-13,Outer Bay,18.55,15.556,8.35,355.9,8.25,63.29,0.077791667,0.174221907,0.04,0.13,0.04,0.28,20.29,0,3.42,60.05,60.09,17.56,10.5975,37.8575,2.444333333,0.0095,50.90883333
ODNR 1,2023-06-13,Outer Bay,18.58,15.556,8.35,362.3,8.29,60.79,0.188428605,0.126634484,0.16,0,0.03,0.3,23.39,0.14,3.64,62.7,62.86,17.25,9.592333333,37.70066667,0.971833333,1.562833333,49.82516667
EC 1163,2023-06-13,Outer Bay,18.4,15.556,8.28,267.9,8.65,42.57,0.078722856,0.060759207,25.6,1.8,0.28,0.15,27.83,25.36,1.94,34.43,60.03,31.02,7.869833333,17.18316667,7.448833333,0.005833333,32.509
Causeway,2023-06-13,Outer Bay,18.6,16.111,8.25,305.6,8.64,54.32,0.068063628,0.117139523,10.79,2.39,0.36,0,31.92,10.45,2.31,49.84,60.63,26.3,15.40316667,12.716,18.52466667,0.167166667,46.81083333
Bells,2023-06-13,Lake Erie,18.4,16.111,8.08,233.5,8.57,3.31,0.062682919,0.080526608,45.35,3.28,0.42,0.33,41.43,45.02,1.07,18.23,63.58,59.22,0.2735,0.448166667,1.284,0.3875,2.3925
Muddy Creek,2023-06-20,Inner Bay,22.57,23.333,8.58,657,9.53,229.64,0.185655113,NA,491.23,2.61,8.91,0.06,41.89,359.83,2.56,104.01,595.24,232.52,50.08866667,24.11133333,68.98383333,0,143.1831667
ODNR 4,2023-06-20,Inner Bay,22.28,23.888,8.78,512.5,9.1,127.61,0.551190133,0.27665774,11.16,1.94,0.29,0.23,20.23,10.88,6.63,113.13,124.28,18.75,28.87483333,56.82816667,53.03733333,0,138.739
ODNR 6,2023-06-20,Inner Bay,21.78,23.888,8.44,472,8.27,82.98,0.251310654,0.375923714,1.18,2.65,0.14,0.31,26.6,1.04,3.21,72.79,73.96,23.07,4.777166667,25.27816667,5.070833333,0.686,35.81166667
Bridge,2023-06-20,Inner Bay,21.71,23.888,8.12,446.7,6.83,37.35,0.053945186,0.163550023,0.98,3.99,0.12,0.26,25.73,0.85,2.84,66.63,67.61,23.77,3.538,30.03766667,5.170166667,0.6135,39.36
ODNR 2,2023-06-20,Outer Bay,21.99,23.888,8.6,390.2,8.16,43.36,0.117817339,0.024223806,1.5,3.7,0.02,0.25,25.82,1.48,2.75,56.56,58.06,21.09,6.128,27.393,3.4835,0.5585,37.56233333
Buoy 2,2023-06-20,Outer Bay,21.75,23.888,8.83,363.5,9.37,65.92,0.4827615,0.4827615,2.13,0.74,0.23,0.06,12.81,1.9,3.22,72.89,75.02,23.33,9.481166667,27.24966667,16.9385,0.585833333,54.25483333
ODNR 1,2023-06-20,Outer Bay,21.52,23.333,8.73,339.5,9.44,45.84,1.067865533,NA,21.67,0.64,0.65,0,19.67,21.06,2.27,53.9,75.57,33.25,8.383166667,18.8185,19.8965,0.065333333,47.16333333
EC 1163,2023-06-20,Outer Bay,21.96,23.333,8.79,365.8,9.98,64.71,0.691705515,NA,31.23,0.19,0.91,0,22.52,30.37,2.12,51.71,82.94,39.08,9.185,24.9735,19.075,0.534833333,53.76916667
Causeway,2023-06-20,Outer Bay,21.92,23.333,8.57,322.2,8.37,45.45,0.121158944,0.138371305,14.25,2.79,0.41,0.01,28.53,13.87,1.9,44.88,59.13,31.2,11.1365,14.72466667,26.2635,0.017666667,52.14216667
Bells,2023-06-20,Lake Erie,NA,NA,NA,NA,NA,NA,NA,NA,NA,NA,NA,NA,NA,NA,NA,NA,NA,NA,NA,NA,NA,NA,NA
Muddy Creek,2023-06-27,Inner Bay,22.63,18.333,8.28,593.6,6.26,111.59,0.114572877,NA,1261.6,6.95,25.85,0.46,57.41,1235.75,3.01,36.26,1297.87,431.9,25.9335,21.766,54.375,1.378166667,103.4531667
ODNR 4,2023-06-27,Inner Bay,22.45,18.333,8.44,594.2,6.37,188.27,0.321180471,0.185729027,565.45,2.08,12.07,0.24,2.24,553.38,6.08,10.76,576.22,94.77,34.13366667,41.54416667,67.1705,2.149833333,144.9983333
ODNR 6,2023-06-27,Inner Bay,22.44,18.333,8.29,480.9,6.9,76.78,0.038017186,0.194313597,4.38,8.28,0.4,0.97,10.85,3.98,4.55,76.71,81.09,17.81,8.150333333,15.27766667,7.076,3.681,34.18416667
Bridge,2023-06-27,Inner Bay,22.6,18.888,8.11,482.2,6.57,62.18,1.87679594,0.184159982,5.85,8.06,0.52,0.56,16.16,5.33,3.8,74.02,79.86,21.03,6.967666667,17.41533333,10.81116667,1.121,36.31516667
ODNR 2,2023-06-27,Outer Bay,22.39,19.444,8.16,426.6,6.98,40.76,0.233289085,0.359354948,1.25,6.12,0.2,0.33,12.32,1.05,2.95,65.12,66.37,22.47,4.984833333,8.77,9.992166667,2.465333333,26.2125
Buoy 2,2023-06-27,Outer Bay,22.39,19.444,8.1,389.5,7.02,42.55,0.489785699,0.088277829,18.12,12.04,0.59,0.44,13.61,17.57,2.97,56.14,74.26,25,2.648333333,6.640166667,15.12616667,0.1565,24.572
ODNR 1,2023-06-27,Outer Bay,21.91,19.444,8.3,324.1,7.75,36.55,0.098267817,0.091777963,24.29,5.18,0.44,0.11,8.49,23.9,2.19,42.36,66.65,30.43,4.050666667,6.248333333,19.03816667,0,29.33816667
EC 1163,2023-06-27,Outer Bay,21.36,20,8.19,276.4,7.7,34.06,0.133663545,0.063427905,48.09,6.23,0.8,0.05,19.69,47.41,1.68,32.98,81.07,48.18,2.286666667,1.732833333,12.568,0.030833333,16.61783333
Causeway,2023-06-27,Outer Bay,22.22,20,8.24,359,7.78,72.4,0.416524753,0.241576394,18.31,7.8,0.52,0.02,15.71,17.82,2.42,51.3,69.61,28.74,4.0145,6.918666667,23.50716667,0.062333333,34.50383333
Bells,2023-06-27,Lake Erie,21.93,20,8.22,320.6,7.6,40.12,0.599441812,0.177556243,33.43,5.66,0.62,0.07,15.28,32.89,1,32.47,65.9,66.03,2.4915,4.704,15.53833333,0.048833333,22.783
Muddy Creek,2023-07-11,Inner Bay,25.52,24.444,8.28,639.1,8.12,81.68,0.135852737,0.216186766,530.16,0.029,6.198,0.093,88.354,427.932,3.8825,68.955,599.115,154.3116549,26.55858333,11.932,33.95933333,0.017083333,72.46716667
ODNR 4,2023-07-11,Inner Bay,24.26,24.444,8.4,526.5,7.79,151.56,0.269124513,0.169333218,142.15,0.751,3.264,0.069,31.209,140.643,3.487,88.9135,231.0635,66.26426728,27.33973913,47.09773913,45.62608696,1.982434783,122.0457391
ODNR 6,2023-07-11,Inner Bay,24.96,25.555,8.57,474.8,9.34,144.79,0.465331369,0.308894828,20.714,0,0.805,0.045,37.066,19.925,4.386,114.088,134.802,30.73461012,28.66473118,96.17311828,16.75193548,0.015376344,141.6058065
Bridge,2023-07-11,Inner Bay,25.44,25.555,8.58,473.4,9.13,123.77,0.232362097,0.272734988,0.529,16.452,0.02,0.015,29.653,0.51,3.6195,92.6785,93.2075,25.75148501,14.65468085,75.89659574,7.802446809,0,98.35382979
ODNR 2,2023-07-11,Outer Bay,24.77,25.555,8.56,446,7.94,88.34,0.244519112,0.200652358,0.605,0,0.013,0.064,27.854,0.592,2.893,72.2975,72.9025,25.19961977,11.42340426,51.99691489,11.85744681,0.996170213,76.27446809
Buoy 2,2023-07-11,Outer Bay,25.04,25.555,8.68,420.5,9.29,99.22,0.532494295,0.273795037,0.276,0.263,0.013,0.034,19.8,0.262,2.4645,66.1425,66.4185,26.9500913,10.56188889,42.372,15.37377778,0.008666667,68.31622222
ODNR 1,2023-07-11,Outer Bay,25.08,25.555,8.69,402,9.4,92.36,0.420184505,0.261189597,0.23,0.728,0.011,0.032,22.862,0.22,2.7135,67.7455,67.9755,25.05085683,10.74085106,41.66393617,16.98021277,0,69.385
EC 1163,2023-07-11,Outer Bay,24.9,26.666,8.81,349.9,11.09,99.86,0.561230118,0.462932565,2.392,0.838,0.198,0.015,8.224,2.194,1.9305,63.6715,66.0635,34.22092722,7.645157895,45.91589474,15.03736842,0.029473684,68.62852632
Causeway,2023-07-11,Outer Bay,25.61,26.666,8.64,368,8.76,46.41,0.210848358,0.054386554,0.189,0,0.003,0.008,44.925,0.186,1.8015,47.3935,47.5825,26.41271163,16.40152174,19.98934783,7.766195652,0.00173913,44.1576087
Bells,2023-07-11,Lake Erie,24.73,26.666,8.84,282.4,9.52,22.77,0.040471329,0.066891574,25.758,0,0.602,0.007,14.487,25.181,0.7295,24.525,50.283,68.9280329,3.848817204,6.689677419,9.229354839,1.616451613,21.38365591
Muddy Creek,2023-07-18,Inner Bay,24.33,21,8.49,584.4,8.66,144.08,0.069064831,0.038356296,353.21,0.533,5.58,0.184,70.06,336.508,3.717,69.345,422.555,113.6817326,30.93466667,14.408,45.10816667,0,90.45166667
ODNR 4,2023-07-18,Inner Bay,24.15,21,8.8,507,8.77,154.75,0.23095828,0.21562329,0.805,0.776,0.03,0.051,37.859,0.776,3.928,90.831,91.636,23.32892057,42.83266667,37.92816667,46.47766667,0.0125,127.2518333
ODNR 6,2023-07-18,Inner Bay,24.37,21,8.92,462.4,8.47,159.74,0.746872151,0.087053207,0.544,0,0.019,0.362,44.769,0.526,4.503,103.1255,103.6695,23.02231845,17.72216667,99.48866667,10.801,3.276,131.2883333
Bridge,2023-07-18,Inner Bay,24.5,22,8.68,421.4,7.89,107.54,0.408050417,0.146404169,0.28,0,0,0.088,26.2,0.283,3.32,73.2655,73.5455,22.15225904,14.6615,59.3145,10.221,0.1815,84.37866667
ODNR 2,2023-07-18,Outer Bay,24.34,22,8.93,375.9,9.6,126.03,0.264565426,0.11260615,0.243,0.234,0.011,0.075,23.999,0.232,3.097,75.9415,76.1845,24.59945108,17.85633333,58.84483333,12.39566667,0,89.09616667
Buoy 2,2023-07-18,Outer Bay,25.02,23,9.05,341.6,11.05,95.87,0.30298203,0.073747379,2.459,0,0.296,0.079,27.959,2.162,2.4535,59.4425,61.9015,25.22987569,16.87266667,37.69016667,20.05133333,2.182333333,76.79716667
ODNR 1,2023-07-18,Outer Bay,24.34,23,8.86,330.6,8.8,86.03,0.247695124,0.069774168,3.119,0,0.201,0.006,17.581,2.92,1.917,51.073,54.192,28.26917058,9.992166667,38.76433333,12.697,0.008333333,61.46216667
EC 1163,2023-07-18,Outer Bay,24.17,24,8.78,293.2,8.43,40.54,0.093854241,0.070874897,17.72,0,0.631,0.023,13.444,17.104,0.92,33.1335,50.8535,55.27554348,3.571833333,16.24866667,11.11533333,0,30.936
Causeway,2023-07-18,Outer Bay,24.82,24,9.05,332.3,10.4,55.29,1.588536294,0.145556557,0.172,0,0,0.02,40.299,0.172,1.6635,50.119,50.291,30.23204088,16.525,25.107,10.08583333,0,51.71733333
Bells,2023-07-18,Lake Erie,24.41,23,9.06,302.8,10.63,69.86,0.187883544,0.092581456,11.291,0,0.502,0.009,16.387,10.796,1.309,45.0405,56.3315,43.03399542,7.9375,27.629,14.05,0.331166667,49.94833333
Muddy Creek,2023-07-25,Inner Bay,25.18,23.9,8.41,545.7,10.82,181.68,0.207921713,0.139642786,124.92,0,3.59,0.044,24.057,117.937,4.494,100.88,225.8,50.24477081,53.04416667,22.40666667,54.428,0,129.8795
ODNR 4,2023-07-25,Inner Bay,24.94,24.4,8.73,509.8,8.22,131.48,0.324678147,0.275925219,0.067,0,0.044,0.152,43.784,0.022,4.364,84.257,84.324,19.32263978,48.2235,26.27733333,37.25633333,0,111.756
ODNR 6,2023-07-25,Inner Bay,24.97,24.4,8.88,489.4,8.1,116.61,0.408621434,0.178112895,0.091,0,0.021,0.71,85.483,0.069,4.725,98.0555,98.1465,20.77174603,14.27033333,63.66216667,14.9335,0,92.8665
Bridge,2023-07-25,Inner Bay,25.47,24.4,8.95,447.8,8.86,119.22,NA,0.258505368,0.009,0,0.01,0.464,61.814,0,4.63,102.5865,102.5955,22.15885529,14.08166667,72.946,3.719166667,0,90.7465
ODNR 2,2023-07-25,Outer Bay,25.43,25.6,8.94,388,9.18,78.83,0.524088122,0.238717747,0.045,0,0.002,0.041,50.926,0.044,2.8945,65.937,65.982,22.79564692,19.534,33.35383333,15.43066667,0.105333333,68.42366667
Buoy 2,2023-07-25,Outer Bay,25.95,25.6,9.1,359.7,10.47,97.37,0.470762619,0.132215027,0.05,0,0,0.024,48.711,0.055,2.43,61.649,61.699,25.39053498,23.08033333,29.58433333,19.86333333,0.0465,72.57433333
ODNR 1,2023-07-25,Outer Bay,25.95,25.6,9.06,407.3,9.52,85.65,0.34735509,0.249214381,0.054,0,0,0.302,63.168,0.057,3.545,76.0485,76.1025,21.46755994,13.43083333,46.66866667,8.059333333,0,68.15916667
EC 1163,2023-07-25,Outer Bay,25.74,25.6,9.13,368.2,10.24,87.8,NA,NA,0.022,0,0,0.023,51.082,0.027,2.834,68.7785,68.8005,24.27681722,13.38,41.69466667,10.31,0.077833333,65.46316667
Causeway,2023-07-25,Outer Bay,26.34,25.6,8.87,348,8.88,44.04,0.277229446,0.126671841,0.075,0,0.004,0.026,51.205,0.072,1.6855,49.327,49.402,29.30999703,20.46633333,16.226,9.9145,0,46.60583333
Bells,2023-07-25,Lake Erie,25.9,24.4,8.98,281.8,10.02,26.9,0.071058518,0.134448284,13.19,0,1.735,0.011,22.359,11.446,0.6595,28.044,41.234,62.52312358,0.124333333,11.169,9.562333333,0.8375,21.69366667
Muddy Creek,2023-08-01,Inner Bay,25.62,21,8.76,556.7,8.91,189.23,0.300195772,0.198487774,2.3,0.346,0.592,0.355,3.515,1.701,6.293,111.7265,114.0265,18.11957731,52.83116667,21.9365,61.81416667,0,136.5816667
ODNR 4,2023-08-01,Inner Bay,25.23,22,8.6,522.9,6.9,97.89,0.385925577,0.179207105,0.282,0.467,0.029,0.965,49.395,0.253,5.1535,79.659,79.941,15.51198215,37.463,24.62166667,24.95666667,0,87.04333333
ODNR 6,2023-08-01,Inner Bay,25.38,22,8.69,504.5,6.7,90.18,0.404052427,0.227488772,0.129,0.436,0.018,1.274,105.811,0.111,4.689,85.049,85.178,18.16549371,12.55666667,59.686,5.938666667,0.104833333,78.28766667
Bridge,2023-08-01,Inner Bay,25.78,22,8.62,437,7.01,93.4,0.45277557,0.166615695,0.101,0,0,0.564,70.027,0.102,3.9655,77.2455,77.3465,19.50485437,13.89266667,52.0765,5.713166667,0,71.681
ODNR 2,2023-08-01,Outer Bay,25.52,23,8.84,378.3,8.5,62.23,0.517156077,0.173320048,0.129,0,0.001,0.213,62.028,0.129,2.778,55.081,55.21,19.87401008,21.8935,23.0925,7.986,0,52.97066667
Buoy 2,2023-08-01,Outer Bay,25.44,23,8.84,350.2,9.31,73.09,0.430801037,0.20664727,0.243,0,0.012,0.075,63.037,0.231,2.566,53.4365,53.6795,20.91952455,22.61766667,22.1515,13.992,0,58.76233333
ODNR 1,2023-08-01,Outer Bay,25.24,23,8.87,328.8,9.68,101.56,0.344352931,0.252485389,1.869,0.051,0.22,0.03,60.815,1.648,2.4655,56.02,57.889,23.47961874,18.97316667,27.62066667,24.30283333,6.7475,77.64466667
EC 1163,2023-08-01,Outer Bay,25.43,23,8.94,304.6,10.25,49.6,0.206258403,0.185005229,0.157,0,0,0.018,50.911,0.157,1.473,41.709,41.866,28.42226748,2.336166667,19.70633333,12.999,1.135166667,36.17716667
Causeway,2023-08-01,Outer Bay,25.44,24,8.75,338.3,8.71,64.25,0.275301032,0.188305194,0.222,0.33,0.008,0.015,66.302,0.214,1.9765,52.341,52.563,26.59397926,22.8045,22.07283333,9.016666667,0,53.89366667
Bells,2023-08-01,Lake Erie,25.68,24,8.62,289.1,9.2,22.36,0.681516289,0.138527199,15.227,0,1.166,0.014,28.205,14.064,0.522,23.5155,38.7425,74.21934866,0.626166667,5.9145,9.189666667,1.119166667,16.84883333
Muddy Creek,2023-08-08,Inner Bay,22.6,20,8.56,553.7,7.66,170.9,0.164400581,0.105750222,8.041,224.9,0.795,1.042,26.949,7.245,6.5765,103.2465,111.2875,16.92199498,45.98083333,25.59116667,55.90466667,0,127.4776667
ODNR 4,2023-08-08,Inner Bay,22.88,21,8.14,515.9,6.42,107.15,0.27338645,0.117109308,0.536,2.302,0.102,1.863,129.238,0.433,5.8015,80.7495,81.2855,14.01111781,24.1155,36.44833333,19.95466667,0.0145,80.53266667
ODNR 6,2023-08-08,Inner Bay,23.03,22,8.36,503.6,6.68,110.19,0.191688321,0.212001874,0.189,6.059,0.026,1.307,118.574,0.163,4.977,80.0885,80.2775,16.1296966,19.90933333,47.234,13.13966667,0,80.28316667
Bridge,2023-08-08,Inner Bay,23.01,22,8.45,462,7.18,116.07,0.53690318,0.118181616,0.136,0,0.021,1.324,92.893,0.114,4.9205,83.853,83.989,17.06920028,20.924,57.0115,8.8755,0,86.81133333
ODNR 2,2023-08-08,Outer Bay,23.53,23,8.43,421.6,7.35,107.19,0.565906206,0.158887711,0.252,0,0.024,0.849,89.874,0.228,3.9615,71.084,71.336,18.00732046,21.9835,47.27433333,12.67383333,0,81.93216667
Buoy 2,2023-08-08,Outer Bay,23.5,23,8.72,381.9,7.63,88.24,0.288473333,0.152792195,0.151,0.184,0.009,1.091,84.687,0.142,3.952,62.254,62.405,15.79073887,20.80816667,35.96216667,9.145666667,0,65.91666667
ODNR 1,2023-08-08,Outer Bay,23.73,23,8.7,398.8,7.73,92.42,0.229024103,0.153934155,0.123,0.396,0.004,1.751,91.879,0.119,4.5795,64.0615,64.1845,14.01561306,18.7075,43.43733333,7.726,0,69.871
EC 1163,2023-08-08,Outer Bay,23.94,24,8.64,342.3,7.8,80.99,0.162619531,0.061519718,0.134,1.268,0.005,0.492,81.733,0.129,2.931,55.1235,55.2575,18.85278062,16.19733333,32.45283333,13.21983333,0,61.87033333
Causeway,2023-08-08,Outer Bay,24.01,24,8.65,323.1,8.35,76.49,0.175225783,0.080223559,0.23,2.404,0.025,0.101,71.109,0.205,2.2775,51.3245,51.5545,22.63644347,17.13616667,24.6715,13.99483333,0,55.802
Bells,2023-08-08,Lake Erie,NA,NA,NA,NA,NA,NA,NA,NA,NA,NA,NA,NA,NA,NA,NA,NA,NA,NA,NA,NA,NA,NA,NA
Muddy Creek,2023-08-15,Inner Bay,23.46,19,8.25,597.1,5.77,97.32,0.293848855,0.274339621,1.024,3.372,0.208,1.747,39.709,0.815,6.915,90.8435,91.8675,13.28524946,34.1485,25.13733333,30.67616667,0,89.96283333
ODNR 4,2023-08-15,Inner Bay,23.67,19,8.31,520.8,6.32,93.01,0.32510908,0.116373903,0.157,0,0.044,1.546,83.757,0.112,5.863,79.1765,79.3335,13.53121269,30.9605,30.89333333,22.45866667,0,84.313
ODNR 6,2023-08-15,Inner Bay,23.65,19,8.1,511.5,5.96,93.11,0.344209057,0.248856679,0.34,0.12,0.04,0.984,144.52,0.3,3.7015,67.817,68.157,18.41334594,13.58683333,44.13533333,8.187666667,0,65.91016667
Bridge,2023-08-15,Inner Bay,23.61,20,8.43,435.2,6.59,110.99,0.424448285,0.278082624,0.579,0,0.062,0.904,89.204,0.517,4.2695,70.5175,71.0965,16.6521841,21.31133333,43.26183333,12.13183333,0,76.704
ODNR 2,2023-08-15,Outer Bay,23.63,20,8.67,362.2,7.14,74.55,0.367314134,0.245065315,0.34,0,0.02,0.827,83.427,0.32,3.7435,58.3585,58.6985,15.68011219,22.2535,34.188,12.4865,0,68.92816667
Buoy 2,2023-08-15,Outer Bay,23.65,20,8.63,355.2,7.43,88.02,0.183235196,0.233162636,0.125,0,0.013,0.858,85.165,0.112,3.357,56.46,56.585,16.85582365,17.34566667,38.0615,9.902833333,0,65.30916667
ODNR 1,2023-08-15,Outer Bay,23.69,20,8.65,341.2,7.53,88.47,0.215329684,NA,0.112,0,0.034,0.604,72.449,0.077,3.011,55.688,55.8,18.53204915,14.1645,36.45233333,10.4865,0,61.10316667
EC 1163,2023-08-15,Outer Bay,23.81,21,8.72,341.7,7.77,84.02,0.303908732,0.131267131,0.037,0,0.003,0.216,75.243,0.033,2.5825,53.14,53.177,20.59128751,14.35883333,32.7295,9.867333333,0,56.956
Causeway,2023-08-15,Outer Bay,23.57,21,8.52,348.1,7.87,90.6,0.142802398,0.135519406,8.916,0,0.373,0.038,79.047,8.55,2.3,60.239,69.155,30.0673913,23.09916667,25.28533333,14.11183333,0,62.4965
Bells,2023-08-15,Lake Erie,24.29,21,8.73,274.2,8.35,42.62,0.064052632,0.118662842,2.08,0.421,0.35,0.025,37.153,1.728,0.899,29.0395,31.1195,34.61568409,1.128,12.70916667,13.14883333,0.235333333,27.22
Muddy Creek,2023-08-22,Inner Bay,24.2,21,8.68,631.1,7.52,86.15,0.154918687,0.120536412,0.812,0.264,0.065,1.309,55.952,0.747,7.164,89.541,90.353,12.61208822,35.38983333,15.81216667,23.97383333,0,75.17633333
ODNR 4,2023-08-22,Inner Bay,23.21,21,8.67,538.8,6.76,79.93,NA,0.028235691,0.876,0.606,0.082,0.923,111.112,0.794,5.87,83.3985,84.2745,14.35681431,31.54083333,19.90516667,15.24516667,0,66.69133333
ODNR 6,2023-08-22,Inner Bay,23.53,21,8.43,502.1,6.31,62.66,0.186227622,0.138995166,0.868,0.186,0.036,0.607,145.296,0.837,4.698,78.3865,79.2545,16.86983823,17.9675,25.60333333,7.637666667,0,51.2085
Bridge,2023-08-22,Inner Bay,23.8,21,8.75,429.6,7.61,80.38,0.421587198,0.112686643,0.884,0.623,0.08,0.5,100.432,0.805,3.854,68.6635,69.5475,18.0455371,21.14716667,33.182,8.402666667,0,62.73166667
ODNR 2,2023-08-22,Outer Bay,23.53,22,8.84,354.6,9.05,84.47,0.266994215,0.260108034,0.85,0.014,0.029,0.108,74.39,0.826,3.02,62.5675,63.4175,20.99917219,23.007,26.44133333,12.65416667,0,62.102
Buoy 2,2023-08-22,Outer Bay,23.86,22,8.91,329.5,8.43,65.27,0.536704994,0.195031293,0.838,2.843,0.059,0.207,74.919,0.781,2.835,53.809,54.647,19.27583774,18.49916667,20.84883333,12.158,0,51.506
ODNR 1,2023-08-22,Outer Bay,23.88,22,8.92,307.8,8.33,59.08,0.306325189,0.207904879,0.846,0.135,0.035,0.124,62.186,0.816,2.3935,47.5225,48.3685,20.2082724,14.31883333,17.376,11.47333333,0,43.16783333
EC 1163,2023-08-22,Outer Bay,23.94,23,8.88,303.4,8.62,54.26,0.211273616,0.264395316,0.941,0.393,0.041,0.061,57.463,0.904,2.012,46.0205,46.9615,23.34070577,11.6545,16.4935,10.85566667,0,39.00266667
Causeway,2023-08-22,Outer Bay,24.25,23,8.83,314.7,8.59,50.55,NA,NA,0.782,0.207,0.045,0.03,61.393,0.74,1.9095,46.842,47.624,24.94056036,15.09366667,13.68483333,8.407,0,37.18466667
Bells,2023-08-22,Lake Erie,NA,NA,NA,NA,NA,NA,NA,NA,NA,NA,NA,NA,NA,NA,NA,NA,NA,NA,NA,NA,NA,NA,NA
Muddy Creek,2023-08-29,Inner Bay,21.449,17,7.67,261.4,5.89,8.5,0.069058234,NA,236.24,6.469,2.15,4.625,159.579,234.09,8.6215,71.0235,307.2635,35.63921591,3.787833333,1.585,5.798166667,0,11.17083333
ODNR 4,2023-08-29,Inner Bay,21.577,18,7.66,280.3,4.95,14.43,0.020364112,NA,243.99,8.099,2.599,3.916,149.831,241.391,7.6235,74.8745,318.8645,41.82652325,5.092,2.373,5.919666667,0,13.384
ODNR 6,2023-08-29,Inner Bay,22.57,18,8.7,465.7,8.52,85.98,0.225185904,0.112330274,4.366,0.739,0.442,0.32,105.482,3.921,3.937,78.9765,83.3425,21.16903734,32.2375,34.03416667,31.86666667,0,98.13733333
Bridge,2023-08-29,Inner Bay,22.945,20,8.72,498.4,9.62,90.15,0.048722279,0.014654775,18.101,1.393,0.756,0.595,79.66,17.415,4.1845,74.3455,92.4465,22.09260366,30.823,20.37816667,27.33816667,0,78.53966667
ODNR 2,2023-08-29,Outer Bay,22.938,20,8.87,471.1,10.09,71.91,0.394951269,0.040432489,0.844,5.631,0.061,0.448,101.367,0.785,3.7375,67.739,68.583,18.34996656,27.99083333,25.5905,16.71666667,0,70.29566667
Buoy 2,2023-08-29,Outer Bay,22.92,21,8.89,468.5,9.65,87.95,0.068342645,0.181693896,0.858,0.422,0.043,0.461,101.957,0.818,3.9805,69.834,70.692,17.75957794,27.84266667,25.58616667,13.5565,0,66.98533333
ODNR 1,2023-08-29,Outer Bay,23.23,21,9.02,444.8,10.55,90.89,0.402141046,0.223957802,0.858,2.39,0.044,0.49,88.253,0.818,3.7055,68.483,69.341,18.7129942,29.29316667,25.89416667,14.98566667,0,70.17383333
EC 1163,2023-08-29,Outer Bay,23.174,21,9.05,390.4,10.56,95.65,NA,0.094025916,0.768,0.947,0.046,0.34,78.331,0.724,3.5215,65.922,66.69,18.93795258,28.30516667,27.32433333,16.16433333,0,71.7935
Causeway,2023-08-29,Outer Bay,24.286,22,9.25,298.7,12.01,85.03,0.216829306,0.507726496,12.363,0.59,1.002,0.054,57.118,11.37,2.3365,67.2355,79.5985,34.06740852,29.51733333,24.6635,31.14366667,0,85.3245
Bells,2023-08-29,Lake Erie,23.887,22,9.03,267.1,9.77,37.31,0.272344344,0.158976217,NA,NA,NA,NA,NA,NA,NA,NA,NA,NA,6.014833333,9.188333333,10.95983333,0,26.16333333
Muddy Creek,2023-09-12,Inner Bay,21.71,18,8.77,399.1,9.27,152.65,0.349540402,0.441957337,68.15,0.659,2.372,0.864,132.989,66.136,6.556,109.218,177.368,27.0543014,24.81333333,19.5945,50.612,2.963833333,97.98333333
ODNR 4,2023-09-12,Inner Bay,21.981,18,9.07,382.5,9.77,202.86,0.281345644,0.036628325,11.067,1.139,1.028,0.368,65.978,10.036,5.7335,107.8675,118.9345,20.74378652,41.32216667,26.00833333,71.37733333,0,138.7076667
ODNR 6,2023-09-12,Inner Bay,22.004,18,8.78,429.8,8.76,129.18,0.51144714,0.432564128,0.778,0.182,0.063,0.08,65.907,0.715,4.1935,83.672,84.45,20.13830929,38.2055,29.34183333,34.58983333,0,102.1368333
Bridge,2023-09-12,Inner Bay,21.963,18,9.1,334.4,9.06,193.18,0.254745564,0.043303582,38.594,1.682,1.058,0.168,59.83,37.77,4.387,93.4845,132.0785,30.1067928,37.02583333,24.96083333,67.64016667,0,129.627
ODNR 2,2023-09-12,Outer Bay,22.326,19,8.96,447.7,9.27,126.28,0.314533194,NA,0.736,0.514,0.044,0.25,70.136,0.693,4.2275,85.4035,86.1395,20.37599054,27.30383333,44.81066667,15.079,0,87.194
Buoy 2,2023-09-12,Outer Bay,22.244,19,8.88,429.4,8.96,114.81,0.491674675,0.199878067,0.581,0.459,0.034,0.222,66.251,0.549,3.6335,77.6535,78.2345,21.53144351,24.54716667,44.674,14.42883333,0,83.64866667
ODNR 1,2023-09-12,Outer Bay,22.21,19,8.91,400.4,9.39,116.13,0.18141369,0.097644035,0.816,0.981,0.05,0.185,56.93,0.768,3.2775,70.6715,71.4875,21.8115942,23.362,39.60883333,16.96383333,0,79.934
EC 1163,2023-09-12,Outer Bay,22.266,19,8.92,371.3,9.29,112.02,0.53860808,NA,0.784,0.504,0.036,0.096,55.597,0.751,3.228,69.7525,70.5365,21.85145601,21.40016667,38.70083333,18.55516667,0,78.65566667
Causeway,2023-09-12,Outer Bay,22.176,19,8.91,332.6,9.42,69.06,0.414553482,0.116450938,0.778,0.75,0.033,0.019,56.759,0.749,2.556,66.5735,67.3515,26.35035211,19.51466667,26.97683333,13.9415,0,60.43233333
Bells,2023-09-12,Lake Erie,NA,19,NA,NA,NA,37.31,0.280403521,0.158650477,0.872,22.747,0.035,0.028,24.721,0.841,1.0145,29.691,30.563,30.12617053,7.174,7.733,11.524,0.145,26.5765
Muddy Creek,2023-09-19,Inner Bay,19.61,14,8.95,382.7,10.26,145.53,0.239035568,0.031662022,0.842,6.867,0.119,0.359,52.9,0.719,6.412,97.9,98.742,15.39956332,42.7535,12.25783333,68.654,0,123.6638333
ODNR 4,2023-09-19,Inner Bay,20.242,16,9.2,326.8,9.14,132.2,NA,0.036934967,0.776,0.655,0.121,0.507,10.342,0.65,6.441,96.224,97,15.05977333,43.0665,16.56733333,56.34066667,0,115.9733333
ODNR 6,2023-09-19,Inner Bay,20.178,16,8.75,462.4,7.71,89.77,NA,NA,0.814,0.317,0.112,0.474,77.208,0.699,4.0835,73.033,73.847,18.08424146,29.1565,29.20616667,12.5795,0,70.942
Bridge,2023-09-19,Inner Bay,20.248,17,9.01,365.2,8.82,128.79,NA,NA,0.848,1.02,0.158,0.272,30.884,0.684,4.1105,85.393,86.241,20.98065929,33.2495,32.4735,30.99733333,0,96.72116667
ODNR 2,2023-09-19,Outer Bay,20.788,17,9.15,427.5,9.87,130.69,NA,NA,0.82,0.221,0.035,0.817,73.128,0.789,4.8785,93.9605,94.7805,19.42820539,27.005,55.41633333,11.30366667,0,93.72533333
Buoy 2,2023-09-19,Outer Bay,20.743,18,9.08,414,10.13,99.88,NA,NA,0.728,0.657,0.087,0.229,71.97,0.639,4.0855,92.759,93.487,22.8826337,27.78766667,56.83416667,14.25416667,0,98.87583333
ODNR 1,2023-09-19,Outer Bay,20.79,18,8.95,395.1,8.79,97.25,NA,NA,0.687,0.434,0.055,0.373,67.886,0.633,4.1265,78.2535,78.9405,19.1301345,22.37316667,40.00166667,10.838,0,73.21316667
EC 1163,2023-09-19,Outer Bay,20.98,18,8.9,348.1,9.26,71.43,NA,NA,0.987,0.389,0.095,0.051,49.225,0.891,2.504,60.3895,61.3765,24.51138179,17.95566667,25.59233333,18.94033333,0,62.48833333
Causeway,2023-09-19,Outer Bay,20.878,19,8.94,322,9.65,56.56,NA,NA,0.764,0.713,0.059,0.046,51.332,0.706,2.0605,61.071,61.835,30.00970638,22.02883333,18.274,13.3375,0,53.64016667
Bells,2023-09-19,Lake Erie,21.67,20,8.68,258.6,8.88,18.75,NA,NA,0.657,0.586,0.016,0.047,27.955,0.645,0.63,30.3465,31.0035,49.21190476,3.380833333,2.5145,10.23833333,5.00E-04,16.13583333
Muddy Creek,2024-05-29,Inner Bay,19.09,15,8.21,548,6.9,57.47,0.05,0.01,199.32,13.04,5.03,1.11,103.87,194.29,5.39,65.22,264.54,49.08,15.19,4.65,15.44,0.35,35.64
ODNR 4,2024-05-29,Inner Bay,18.71,15,8.58,411,7.47,84.34,0.16,0.1,111.47,8.29,3.17,0.56,16.14,108.35,5.69,128.93,240.39,42.26,29.06,14.36,19.88,0.13,63.43
ODNR 6,2024-05-29,Inner Bay,19.06,15,8.41,410,7.31,40.42,0.22,0.25,57.18,14.23,1.85,0.87,32.03,55.35,4.18,84.11,141.29,33.81,16.77,6.41,5.41,0.02,28.61
Bridge,2024-05-29,Inner Bay,19.16,16,8.32,415,6.92,65.73,0.46,0.1,47.27,11.97,2.09,0.5,29.57,45.21,3.74,83.01,130.28,34.82,20.83,11.84,10.31,0.09,43.08
ODNR 2,2024-05-29,Outer Bay,19.45,16,8.43,365,7.66,47.49,0.2,0.15,36.75,10,1.37,0.64,35.37,35.4,3.12,64.89,101.64,32.55,16.41,7.92,7.81,0.45,32.6
Buoy 2,2024-05-29,Outer Bay,19.21,16,8.45,327,7.57,31.37,0.09,0.03,39.37,11.39,1,0.48,27.98,38.39,2.5,53.38,92.75,37.08,9.21,6.53,5.35,0.2,21.3
ODNR 1,2024-05-29,Outer Bay,18.73,16,8.45,277,7.85,9.86,0.03,0.04,42.66,8.15,0.69,0.25,36.48,42,1.84,37.85,80.51,43.69,2.26,2.57,2.61,0.26,7.69
EC 1163,2024-05-29,Outer Bay,18.86,16,8.44,277,7.95,13.87,0.1,0.06,41.8,7.78,0.67,0.36,36.52,41.16,2.3,49.67,91.47,39.82,2.91,2.99,3.4,0.23,9.52
Causeway,2024-05-29,Outer Bay,19.52,16,8.56,347,7.92,45.95,0.27,0.1,28.61,5.4,1.16,0.02,37.66,27.46,2.14,57.27,85.88,40.17,21.06,14.98,13.21,4.61,53.86
Bells,2024-05-29,Lake Erie,18.18,16,8.37,237,8.5,2.62,NA,NA,39.48,3.99,0.38,0.18,29.2,39.13,0.65,19.72,59.2,90.66,0.06,0.54,1.21,0.85,2.67
Muddy Creek,2024-06-04,Inner Bay,20.68,24,8.2,422,5.83,37.83,0.03,0.02,764.11,28.62,17.42,2.78,126.55,746.69,7.66,180.99,945.1,123.38,10.79,3.3,16.85,0.32,31.25
ODNR 4,2024-06-04,Inner Bay,21.02,24,8.43,429,7.64,88.64,0.02,0.11,645.59,14.22,19.43,2.05,109.07,626.16,6.81,140.04,785.63,115.36,21.28,5.83,34.7,2.53,64.35
ODNR 6,2024-06-04,Inner Bay,21.02,24,9,445,8.53,61.51,3.06,0.45,100.72,33.81,3.49,0.35,22.96,97.28,3.02,82.86,183.58,60.87,21.5,17.61,5.23,13.52,57.87
Bridge,2024-06-04,Inner Bay,21.43,24,8.51,435,7.46,48.54,0.38,0.48,49.45,17.94,2.29,0.55,31.2,47.18,3.28,77.45,126.9,38.75,19.89,6.67,7.16,7.99,41.72
ODNR 2,2024-06-04,Outer Bay,22.05,25,9.23,415,9.48,79.58,1.68,0.3,29.51,9.28,1.66,0.16,34.16,27.86,3.01,72.53,102.04,33.89,19.3,10.83,8.88,14.69,53.71
Buoy 2,2024-06-04,Outer Bay,21.26,25,9.15,404,9.28,82.02,1.38,0.36,30.28,2.4,1.5,0.19,31.45,28.79,2.98,73.75,104.02,34.93,19.11,9.9,7.16,19.06,55.23
ODNR 1,2024-06-04,Outer Bay,21.52,25,9.41,365,10.12,66.71,0.5,0.29,39.34,1.67,1.49,0.2,40.74,37.87,2.68,63.97,103.31,38.62,16.85,7.04,7.53,16.88,48.31
EC 1163,2024-06-04,Outer Bay,21.47,25,8.83,350,9.32,47.28,0.42,0.12,33.28,14.85,1.29,0.08,35.17,32,2.05,51.88,85.16,41.62,14.65,9.18,6.28,8.32,38.43
Causeway,2024-06-04,Outer Bay,20.75,25.5,8.95,358,9.3,47.76,0.21,0.05,22.52,30.57,0.95,0.04,41.7,21.58,2.21,58.14,80.66,36.51,22.23,18.3,8.19,6.43,55.15
Bells,2024-06-04,Lake Erie,20.03,26,8.89,254,8.63,2.86,NA,NA,42.01,6.32,0.52,0.12,26.83,41.52,0.47,21.58,63.6,134.45,0.9,0.49,1.04,1.95,4.37
Muddy Creek,2024-06-11,Inner Bay,NA,18,8.19,NA,8.48,84.09,NA,NA,469.51,6.33,9.27,1.24,125.15,460.24,5.37,113.04,582.55,108.54,14.01,5.62,33.25,0.06,52.94
ODNR 4,2024-06-11,Inner Bay,NA,18,8.82,NA,11.48,169.77,0.78,0.11,180.15,1.69,4.57,0.14,8.4,175.58,3.71,73.58,253.73,68.37,31.41,22.58,48.47,12.2,114.67
ODNR 6,2024-06-11,Inner Bay,NA,18,8.71,NA,8.77,215.39,0.38,0.04,434.37,1.51,9.42,0.23,7.24,424.95,4.47,43.14,477.51,106.73,41.61,67.73,71.06,14.2,194.59
Bridge,2024-06-11,Inner Bay,NA,19,8.59,NA,10.22,126.24,0.62,0.15,42.63,3.34,2.08,0.08,8.1,40.56,3.12,81.2,123.83,39.75,22.96,20.93,28.4,9.65,81.95
ODNR 2,2024-06-11,Outer Bay,NA,19,8.84,NA,12.47,145.18,0.89,0.27,31.39,10.79,2.04,0.11,12.94,29.36,3.09,81.68,113.07,36.58,23.31,21.3,26.51,14.68,85.8
Buoy 2,2024-06-11,Outer Bay,NA,19,8.64,NA,10.84,79.18,0.14,0.09,42.25,9.41,1.59,0.23,23.89,40.69,2.2,47.76,90.01,40.99,16.47,7.6,19.53,6.03,49.62
ODNR 1,2024-06-11,Outer Bay,NA,19,8.67,NA,10.94,69.6,0.66,0.07,31.68,18.36,0.95,0.13,16,30.74,1.83,45.16,76.83,41.89,14.18,10.38,16.93,4.05,45.54
EC 1163,2024-06-11,Outer Bay,NA,18,8.32,NA,9.03,23.96,0.06,0.05,35.66,45.85,0.58,0.31,27.67,35.1,1.33,27.86,63.51,47.61,5.34,3.08,7.21,2.52,18.16
Causeway,2024-06-11,Outer Bay,NA,18,8.43,NA,8.96,68.18,0.29,0.08,9.38,8.37,0.44,0.09,67.78,8.95,2,55.39,64.78,32.45,21.88,29.89,7.45,1.92,61.14
Bells,2024-06-11,Lake Erie,NA,17,8.1,NA,8.09,3.77,NA,NA,40.75,6.79,0.5,0.33,32.91,40.28,1.11,23.7,64.46,58.07,0.31,0.28,0.76,1.56,2.92
Muddy Creek,2024-06-18,Inner Bay,24.48,29.5,8.41,557,8.72,173.31,0.09,0.02,350.2,6.98,8.25,0.26,22.15,341.95,5,55.38,405.58,81.1,32.89,13.18,62.23,0.37,108.67
ODNR 4,2024-06-18,Inner Bay,24.1,29.5,8.54,438,7.51,127.35,0.51,0.08,255.49,1.82,5.58,0.07,21.03,249.91,3.26,74.61,330.1,101.2,50.14,31.4,13.84,5.82,101.2
ODNR 6,2024-06-18,Inner Bay,23.48,30,8.68,426,10.07,133.74,0.99,0.22,64.26,3.1,2.64,0.05,16.18,61.65,3.19,112.46,176.72,55.33,24.35,80.94,9.07,0,114.35
Bridge,2024-06-18,Inner Bay,23.67,30,8.67,447,10.8,121.97,1.03,0.05,84.7,4.24,3.4,0.07,18.48,81.34,3.72,115.07,199.76,53.75,40.44,84.67,15.88,2.12,143.1
ODNR 2,2024-06-18,Outer Bay,23.2,30,8.52,419,8.55,189.76,0.64,0.24,0.47,3.3,0.05,0.08,17.53,0.42,3.7,105.3,105.77,28.56,32.49,70.78,9.22,0.64,113.14
Buoy 2,2024-06-18,Outer Bay,23.74,30,8.59,399,8.67,145,0.24,0.01,0.69,10.38,0.07,0.09,10.18,0.63,3.31,96.56,97.26,29.39,35.7,55.61,9.65,1.98,102.94
ODNR 1,2024-06-18,Outer Bay,23.4,30.5,8.54,396,7.96,125.52,0.88,0.17,0.25,0.95,0.05,0.04,21.42,0.2,2.73,81.17,81.42,29.78,33.34,40.65,13.38,0.23,87.6
EC 1163,2024-06-18,Outer Bay,23.6,30.5,8.89,351,10.71,108.37,0.76,0.1,2.29,5.8,0.26,0.11,15.14,2.03,2.15,65.9,68.18,31.75,31.84,35.82,12.65,0.05,80.36
Causeway,2024-06-18,Outer Bay,23.76,31,8.46,372,7.86,72.95,0.43,0.09,0.75,5.33,0.13,0.12,55.46,0.62,2.1,54.44,55.19,26.26,24,26.46,10.7,0,61.16
Bells,2024-06-18,Lake Erie,21.15,31,8.32,273,8.48,31.78,NA,NA,32.71,2.66,0.61,0.06,25.82,32.12,1.02,26.26,58.98,57.57,7.33,2.67,11,0.51,21.52
Muddy Creek,2024-07-02,Inner Bay,22.38,20,8.91,478.2,9.16,183,1.19,0.18,49.31,4.05,2.3,0.86,5.8,47.03,7.96,120.3,169.61,21.32,56.45,31.32,83.97,0,171.74
ODNR 4,2024-07-02,Inner Bay,22.55,20,NA,NA,NA,253.45,5.32,0.24,0.4,22.98,0.06,0.74,63.55,0.34,6.24,123.82,124.22,19.91,45.18,87,40.9,0,173.08
ODNR 6,2024-07-02,Inner Bay,22.55,20.5,8.37,439.3,7.99,151.77,1.95,0.26,16.08,18.7,0.8,0.15,46.62,15.29,3.78,88.82,104.91,27.76,33.41,42.21,28.8,0.14,104.55
Bridge,2024-07-02,Inner Bay,NA,20.5,NA,NA,NA,119.77,1.08,0.14,0.11,3.76,0.03,0.15,56.14,0.08,3.28,70.58,70.69,21.53,26.7,40.35,21.91,0,88.95
ODNR 2,2024-07-02,Outer Bay,22.41,21,8.44,328,7.67,90.57,1.2,0.12,0.03,3.21,0.02,0.06,24.83,0,2.41,50.32,50.35,20.91,20.36,28.29,17.64,0.01,66.3
Buoy 2,2024-07-02,Outer Bay,NA,21.5,NA,NA,NA,92.9,0.63,0.03,0.01,5.57,0.06,0.01,22.86,0,2,49.57,49.58,24.78,19.32,25.99,22.93,0.23,68.47
ODNR 1,2024-07-02,Outer Bay,22.57,21.5,8.56,328.8,8.26,81.83,0.82,0.11,0,3.88,0.02,0.01,20.32,0,2.14,50.95,50.95,23.86,18.41,25.2,16.47,0,60.09
EC 1163,2024-07-02,Outer Bay,22.82,21.5,8.75,307.3,9.15,84.17,0.43,0.06,6.48,48.66,0.36,0.12,15.83,6.12,1.84,46.14,52.61,28.59,15.65,20.65,21.93,0,58.23
Causeway,2024-07-02,Outer Bay,22.85,21.5,8.72,340.4,8.68,64.56,0.29,0.04,0.02,9.31,0.02,0.02,52.02,0,2.07,53.18,53.2,25.72,23.3,18.33,11.91,0,53.54
Bells,2024-07-02,Lake Erie,NA,22,NA,NA,10.03,49.05,NA,NA,12.98,8.6,0.4,0.1,16.51,12.58,0.96,31.08,44.06,45.77,4.3,3.54,30.04,0,37.88
Muddy Creek,2024-07-09,Inner Bay,26.13,25,8.19,83.6,6.51,210.22,0.63,0.17,7.46,3.1,1.67,0.44,21.33,5.72,6.09,112.17,119.63,19.65,50,29.77,51.39,0,131.16
ODNR 4,2024-07-09,Inner Bay,26.13,25,8.18,583.6,6.5,138.76,1.91,0.32,1.17,1.73,0.07,1.22,60.35,1.1,5.95,89.81,90.98,15.3,39.1,32.49,31.72,0,103.63
ODNR 6,2024-07-09,Inner Bay,26.21,25,8.54,462.6,6.96,92.2,0.49,0.08,1.22,3.98,0.04,0.27,89.37,1.18,3.31,74.76,75.98,22.93,26.48,20.98,20.51,0.51,68.47
Bridge,2024-07-09,Inner Bay,25.99,25,NA,NA,NA,75.52,0.43,0.16,1.37,1.32,0.12,0.44,83.75,1.25,2.9,63.55,64.92,22.4,18.41,26.22,12.68,0.11,57.42
ODNR 2,2024-07-09,Outer Bay,NA,25,NA,NA,NA,43.65,0.35,0.03,0.93,2.46,0.03,0.29,65.29,0.91,1.76,45.93,46.86,26.66,13.01,15.04,6.63,0,34.69
Buoy 2,2024-07-09,Outer Bay,26,26,8.5,396.7,7.21,43.07,0.13,0.03,0.95,1.97,0.02,0.32,57.38,0.94,1.6,43.56,44.51,27.86,15.71,13.2,7.25,0.03,36.18
ODNR 1,2024-07-09,Outer Bay,25.84,26,8.71,352.3,8.53,52.3,0.29,0.08,1.27,3.34,0.03,0.11,51.04,1.25,1.58,42.17,43.44,27.44,17.46,13.92,10.31,0.35,42.05
EC 1163,2024-07-09,Outer Bay,25.8,26,8.73,353.7,8.74,52.93,0.4,0.04,0.54,5.66,0.02,0.14,40.92,0.53,1.42,43.55,44.09,31.03,20.15,16.32,6.4,0,42.86
Causeway,2024-07-09,Outer Bay,25.7,26,8.49,346.1,7.12,47.52,0.4,0.07,0.78,9.05,0.02,0.08,46.22,0.76,1.73,45.46,46.24,26.73,21.58,11.37,5.83,0,38.79
Bells,2024-07-09,Lake Erie,25.4,26,8.93,276.7,10.29,22.68,NA,NA,9.5,3.42,0.45,0.22,10.74,9.08,0.76,27.23,36.72,48.29,5.75,5.74,5.21,0.46,17.16
Muddy Creek,2024-07-17,Inner Bay,26.75,24,8.24,610.6,6.04,172.52,0.22,0.12,14.09,4.91,1.27,1.73,62.88,12.82,7.86,93.67,107.75,13.71,42.05,26.04,39.72,0,107.81
ODNR 4,2024-07-17,Inner Bay,26.85,24,8.21,480.5,5.32,117.27,0.46,0.1,0.6,1.08,0.04,1.55,96.37,0.57,5.81,77.91,78.52,13.51,38.31,31.58,20.53,0,90.42
ODNR 6,2024-07-17,Inner Bay,26.54,24,7.99,498,5.69,89.87,0.3,0.05,0.29,0.94,0.06,0.33,107.4,0.23,3.52,67.72,68.01,19.32,23.26,23.07,18.24,0.01,64.58
Bridge,2024-07-17,Inner Bay,26.68,24,8.12,464.1,6.21,82.21,0.4,0.17,1.08,1,0.03,-0.02,97.23,1.05,3.07,54.72,55.8,18.2,27.02,27.27,8.87,0,63.17
ODNR 2,2024-07-17,Outer Bay,26.21,25,8.42,379.4,6.94,67.98,0.3,0.07,0.78,1.83,0.02,-0.14,82.62,0.76,2.26,45.84,46.61,20.6,19.36,21.51,10.54,0.02,51.42
Buoy 2,2024-07-17,Outer Bay,25.24,25,8.38,328.8,7.74,69.98,0.14,0.02,7.12,1.69,0.42,-0.23,60.98,6.7,1.75,37.48,44.6,25.49,13.31,17.66,15.07,0,46.04
ODNR 1,2024-07-17,Outer Bay,24.81,25,8.4,312.2,7.85,61.47,0.14,0.06,4.59,1.07,0.49,-0.33,59.33,4.1,1.49,38.39,42.98,28.86,13.85,16.01,14.12,0,43.98
EC 1163,2024-07-17,Outer Bay,24.26,26,8.39,287.4,7.65,54.39,0.13,0.05,8.21,0.95,0.82,-0.26,53.18,7.38,1.09,31.35,39.55,36.19,11.28,11.72,13.89,0.02,36.91
Causeway,2024-07-17,Outer Bay,26.59,26,8.81,354.7,9.3,79.89,0.07,0.26,0.27,2.37,0.05,-0.33,66.66,0.22,2,48.51,48.78,24.35,27.76,19.29,10.9,0,57.96
Bells,2024-07-17,Lake Erie,24.85,25,8.82,273.6,9.09,33.28,NA,NA,9.76,1.06,0.7,-0.31,33.46,9.06,0.69,23.99,33.75,49.27,4.06,7.11,12.12,1.32,24.6
Muddy Creek,2024-07-23,Inner Bay,25,22.8,8.19,574,5.43,105.34,0.21,0.08,1.2,3.09,0.06,4.96,112.59,1.14,10.31,91.22,92.42,8.96,36.86,20.08,25.72,0,82.65
ODNR 4,2024-07-23,Inner Bay,25.19,23.3,8.07,492.2,4.76,73.46,0.33,0.13,1.37,3.01,0.06,2.34,134.14,1.32,5.73,68,69.37,12.1,26.25,20.18,14.87,0,61.29
ODNR 6,2024-07-23,Inner Bay,25.24,23.8,7.98,505.3,5.15,77.66,0.31,0.08,0.84,39.92,0.05,0.38,123.94,0.79,3.17,60.96,61.8,19.48,22.38,18.08,13.18,0,53.64
Bridge,2024-07-23,Inner Bay,25.41,23.8,7.92,463,4.55,62.6,NA,0.12,1.88,1.85,0.04,0.31,128.7,1.84,2.72,52.24,54.12,19.89,16.65,21.8,6.34,0,44.95
ODNR 2,2024-07-23,Outer Bay,25.33,24.4,8.39,386.5,6.33,48.54,NA,0.11,1.7,2.41,0.03,-0.16,104.46,1.67,1.81,42.43,44.13,24.44,15,16.78,4.84,0,36.53
Buoy 2,2024-07-23,Outer Bay,25.14,24.4,8.46,354.2,6.64,46.72,NA,0.09,-0.7,1.62,0.02,-0.28,84.15,-0.72,2.01,45.84,45.14,22.5,15.66,15.13,5.8,0,36.59
ODNR 1,2024-07-23,Outer Bay,25.59,25,8.6,356.9,7.77,47.77,NA,NA,0.6,2.52,0.02,-0.21,75.26,0.58,1.86,41.2,41.8,22.53,16.16,14.79,6.65,0,37.6
EC 1163,2024-07-23,Outer Bay,25.33,25,8.63,302.8,8.12,46.27,0.22,0.1,0.25,3.19,0.04,-0.32,39.56,0.21,1.23,35.65,35.9,29.08,12.04,13.31,9.57,0,34.92
Causeway,2024-07-23,Outer Bay,25.15,25,8.54,339.4,7.26,49.05,0.14,0.07,-0.76,1.54,0.01,-0.33,66.47,-0.77,1.63,46.04,45.28,27.85,20.1,13.27,4.8,0,38.17
Bells,2024-07-23,Lake Erie,25.81,25.5,8.87,399.7,11.38,21.25,NA,NA,7.65,43.29,0.53,-0.08,32.04,7.12,0.53,22.05,29.7,56.51,6.07,6.59,6.74,0.32,19.71
Muddy Creek,2024-07-30,Inner Bay,26.04,23,8.25,685.6,6.25,134.3,0.17,0.08,1.71,0.01,0.08,4.03,95.03,1.64,10.71,96.2,97.91,9.14,44.96,21.76,34.85,0,101.57
ODNR 4,2024-07-30,Inner Bay,26.12,24,8.1,519.1,5.63,73.9,0.25,0.2,1.25,0.1,0.04,1.97,160.08,1.21,5.79,70.16,71.41,12.33,24.17,22.11,10.81,0,57.09
ODNR 6,2024-07-30,Inner Bay,26.01,24,8.02,542.6,6.01,65.86,0.2,0.12,0.52,0.53,0.03,0.87,159.59,0.49,3.69,62.04,62.56,16.97,NA,NA,NA,NA,NA
Bridge,2024-07-30,Inner Bay,25.71,24,8.1,475.2,6.78,57.76,0.33,0.12,0.58,0.08,0.05,0.64,142.41,0.53,2.48,54.34,54.92,22.19,19.06,20.93,4.66,0,44.65
ODNR 2,2024-07-30,Outer Bay,26.08,25,8.3,405,6.52,49.53,0.18,0.1,1.17,0.43,0.01,0.28,122.98,1.16,1.98,43.6,44.77,22.61,15.64,18.45,3.18,0,37.26
Buoy 2,2024-07-30,Outer Bay,25.76,25,8.38,361,7.18,53.17,0.34,0.07,1.63,0.11,0.01,0.27,104.27,1.63,2.19,41.15,42.78,19.52,17.72,18.76,6.07,0,42.54
ODNR 1,2024-07-30,Outer Bay,25.94,25,8.29,381,6.71,51.15,0.31,0.22,2.36,0.05,0.03,0.3,108.09,2.34,2.2,42.22,44.59,20.24,16.31,19.44,4.31,0,40.06
EC 1163,2024-07-30,Outer Bay,26.13,25,8.37,423.4,7.15,58.04,0.48,0.22,0.09,-0.23,0.02,0.34,120.77,0.07,2.67,53.37,53.46,20.04,20.34,24.81,5.42,0,50.58
Causeway,2024-07-30,Outer Bay,26.3,24,8.7,351.2,8.39,89.94,0.35,0.37,-0.03,12.34,0.02,0.1,94.48,-0.05,2.39,61.04,61.01,25.51,33.18,27.79,7.84,0,68.82
Muddy Creek,2024-08-13,Inner Bay,22.74,24,8.38,581.8,7.14,48.43,0.12,0.08,1.58,1.12,0.05,3.1,148.08,1.53,7.71,73.56,75.14,9.75,33.69,21.43,15.19,0,70.3
ODNR 4,2024-08-13,Inner Bay,NA,24,NA,NA,NA,48.84,0.19,0.07,1.54,0.13,0.06,1.35,177,1.48,5.29,61.11,62.65,11.85,24.75,15.96,7.15,0,47.86
ODNR 6,2024-08-13,Inner Bay,23.06,25,8.27,496.5,7.38,51.34,0.17,0.08,0.14,0.58,0.01,0.7,172.23,0.13,4.3,57.72,57.86,13.46,22.07,15.55,8.24,0,45.86
Bridge,2024-08-13,Inner Bay,NA,25,8.47,NA,7.52,61.93,0.07,0.05,0.34,0.65,0.03,0.38,129.08,0.31,3.64,55.35,55.69,15.29,23.18,19.13,9.7,0,52
ODNR 2,2024-08-13,Outer Bay,23.67,26,8.8,371.2,8.37,49.06,0.18,0.07,0.5,0.48,0.03,0.26,117.5,0.48,2.89,47.55,48.06,16.63,20.11,14.15,4.89,0,39.15
Buoy 2,2024-08-13,Outer Bay,NA,26,NA,NA,NA,30.84,0.1,0.04,1.12,0.29,0.02,0.36,128.2,1.11,2.9,46.1,47.22,16.28,17.97,11.88,4.95,0,34.8
ODNR 1,2024-08-13,Outer Bay,NA,26,NA,NA,NA,43.27,0.14,0.05,0.29,0.89,0.15,0.22,121.73,0.14,3.05,45.71,46,15.09,17.4,12.99,7.26,0,37.65
EC 1163,2024-08-13,Outer Bay,23.88,26,8.81,342.7,10.55,54.56,0.08,0.05,0.1,1.65,0.01,0.2,91.96,0.09,2.52,43.28,43.38,17.24,16.31,12.92,13.43,0.22,42.92
Causeway,2024-08-13,Outer Bay,24.11,26,8.94,317.4,10.55,62.38,0.26,0.07,1.58,0.46,0.02,0.11,84.85,1.57,2.66,50.45,52.03,19.54,23.26,15.06,10.32,0,48.64
Bells,2024-08-13,Lake Erie,25.94,25,8.99,275.3,12,49.07,NA,NA,0.16,0.6,0.03,0.09,56.94,0.13,1.64,35.11,35.27,21.45,13,9.65,13.13,3.35,39.12
Muddy Creek,2024-08-21,Inner Bay,20.34,16,8.28,638.2,7.71,93.25,0.16,0.1,0.47,3.2,0.04,3.67,128.8,0.42,7.67,73.79,74.25,9.68,31.9,19.63,28.09,0.02,79.64
ODNR 4,2024-08-21,Inner Bay,20.51,17,8.01,500,8.07,45.63,1.05,0.57,0.49,0.35,0.02,1.05,175.18,0.47,3.37,53.9,54.39,16.14,20.82,13.39,9.16,0,43.38
ODNR 6,2024-08-21,Inner Bay,20.79,18,7.93,477.6,7.04,46.98,0.24,0.16,0.61,0.35,0.03,0.73,174.7,0.58,2.78,50.76,51.37,18.46,17.39,14.99,8.81,0.01,41.2
Bridge,2024-08-21,Inner Bay,21.06,18,8.17,452.8,7.51,44.55,0.23,0.18,0.28,3.01,0,0.71,153,0.27,2.66,51.15,51.42,19.31,18.54,16.8,7.16,0,42.5
ODNR 2,2024-08-21,Outer Bay,21.27,18,8.3,398.9,7.88,40.6,0.07,0.21,1.36,0.46,0.01,0.59,143.74,1.36,2.27,43.56,44.91,19.8,15.28,16.95,4.11,0,36.34
Buoy 2,2024-08-21,Outer Bay,21.51,18,8.56,315.8,8.13,47.94,0.05,0.07,1.06,1.43,0,0.36,69.71,1.07,2.11,40.77,41.83,19.85,17.55,15.22,9.86,0.02,42.65
ODNR 1,2024-08-21,Outer Bay,21.46,18,8.58,347.2,8.58,64.09,0.23,0.23,0.49,1.8,0,0.4,89.19,0.49,3.13,51.43,51.92,16.59,23.11,21.86,11.27,0,56.24
EC 1163,2024-08-21,Outer Bay,21.52,18,8.62,259,9.18,55.2,0.58,0.03,0.89,5.4,0.22,0.31,15.96,0.66,2.31,36.9,37.79,16.37,5.56,8.46,21.02,0.01,35.05
Causeway,2024-08-21,Outer Bay,21.46,19,8.61,303.3,9.16,54.16,0.22,0.17,1.26,1.9,0.04,0.28,57.44,1.22,2.19,49.81,51.08,23.31,18.44,14.91,13.94,0.02,47.31
Muddy Creek,2024-08-27,Inner Bay,25.56,25,8.22,762.7,6.35,73.94,0.08,0.04,0.72,0.78,0.04,2.79,146.82,0.68,9.08,83.24,83.97,9.25,25.57,15.13,13.68,0,54.38
ODNR 4,2024-08-27,Inner Bay,24.85,26,8.24,584.5,6.72,37.86,0.05,0.05,0.62,1.03,0.02,1.02,179.7,0.6,3.42,56.31,56.93,16.66,18.48,8.09,7.49,0.01,34.07
ODNR 6,2024-08-27,Inner Bay,NA,26,NA,NA,NA,28.54,0.07,0.03,0.88,1.75,0.02,0.28,163.85,0.86,1.84,46.09,46.97,25.49,14.1,7.01,5.47,0,26.57
Bridge,2024-08-27,Inner Bay,25.94,27,8.57,507.8,8.14,42.38,0.07,0.05,0.88,1.17,0.08,0.28,160.32,0.8,2.29,50.53,51.41,22.41,15.54,12.83,6.67,0,35.04
ODNR 2,2024-08-27,Outer Bay,26.15,27,8.94,428.7,10.4,42.16,0.05,0.04,0.52,0.81,0.02,0.07,134.57,0.5,1.66,50.74,51.26,30.89,15.57,16.51,4.56,0,36.64
Buoy 2,2024-08-27,Outer Bay,25.85,27,8.95,388.8,11.35,48,0.06,0.03,2.17,1.78,0.04,0.12,111.09,2.13,1.37,47.28,49.45,36.12,16.63,16.52,5.02,0,38.18
ODNR 1,2024-08-27,Outer Bay,25.95,28,8.9,383.1,11.73,45.41,0.1,0.05,0.56,0.87,0.02,0.06,105.91,0.55,1.38,48.74,49.3,35.83,16.58,17.38,5.24,0,39.2
EC 1163,2024-08-27,Outer Bay,26.62,28,8.98,344.4,10.51,60.23,0.09,0.03,0.67,0.86,0.02,0.07,63.98,0.65,1.41,49.21,49.88,35.32,16.28,21.54,5.82,0,43.65
Causeway,2024-08-27,Outer Bay,25.97,28,9,328.3,10.45,59.99,0.11,0.05,0.37,1.07,0.02,0.04,61.42,0.34,1.84,55.5,55.86,30.37,17.79,16.96,7.66,0,42.41
Bells,2024-08-27,Lake Erie,24.73,29,9.05,265.6,9.85,18.35,NA,NA,0.52,3.37,0.02,0.08,18.15,0.5,1.28,23.8,24.32,19.01,4.04,2.6,4.27,1.35,12.27
Muddy Creek,2024-09-03,Inner Bay,21.41,17,8.35,552.5,7.72,71.17,0.11,0.03,1.44,1.04,0.04,2.73,191.51,1.41,6.49,67.2,68.64,10.58,33.62,21.6,8.98,0,64.19
ODNR 4,2024-09-03,Inner Bay,21.67,17,8.31,545.3,7.82,51.42,0.08,0.03,1.7,0.98,0.03,1.69,190.76,1.67,4.38,56.99,58.69,13.39,27.19,18.24,6.01,0,51.44
ODNR 6,2024-09-03,Inner Bay,22.09,18,8.15,484.4,7.38,56.56,0.14,0.08,0.59,0.98,0.02,0.68,175.92,0.57,2.34,47.4,47.99,20.53,19.4,20.08,7.95,0,47.43
Bridge,2024-09-03,Inner Bay,22.44,18,8.41,459.7,8.61,69.66,0.11,0.1,0.75,0.68,0.02,0.47,154.95,0.74,2.75,55.52,56.27,20.44,21.27,26.13,8.47,0,55.88
ODNR 2,2024-09-03,Outer Bay,22.33,18,8.56,400.5,8.68,74.15,0.3,0.07,0.66,1.47,0.03,0.47,130.39,0.63,2.88,63.07,63.73,22.16,23.84,35.1,9.51,0,68.45
Buoy 2,2024-09-03,Outer Bay,21.09,18,8.64,345.9,9.18,76.12,0.22,0.08,0.65,0.68,0.01,0.22,90.74,0.64,2.52,54.84,55.49,22,23.36,32.47,10.47,0,66.3
ODNR 1,2024-09-03,Outer Bay,22.91,19,8.55,285.3,8.58,61.42,0.33,0.06,0.58,1.06,0.01,0.25,66.68,0.57,1.92,43.79,44.37,23.1,14.7,22.58,10.22,0,47.5
EC 1163,2024-09-03,Outer Bay,NA,19,NA,NA,NA,47.05,0.46,0.1,0.61,1.16,0.01,0.17,48.83,0.6,1.44,35.07,35.67,24.71,8.89,15.57,9.66,0,34.13
Causeway,2024-09-03,Outer Bay,22.58,20,8.95,304,9.25,78.12,0.26,0.12,0.98,1.26,0.04,0.07,58.74,0.93,2.04,58.85,59.83,29.33,24.84,30.02,9.23,0,64.1
Bells,2024-09-03,Lake Erie,23.09,20,8.65,258.2,8.5,20.05,NA,NA,0.35,0.89,0.01,0.15,30.13,0.34,0.9,24.45,24.8,27.5,0.62,5.63,5.45,1.08,12.78
Muddy Creek,2024-09-10,Inner Bay,18.44,17,8.31,665.5,8.53,137.58,0.07,0.01,0.78,1.51,0.04,1.99,143.37,0.75,8.02,82.56,83.34,10.39,44.55,15.68,31.25,0,91.49
ODNR 4,2024-09-10,Inner Bay,18.44,18,8.2,496.7,8.42,74.36,0.04,0.02,0.55,1.07,0.01,0.74,172.44,0.54,3.73,60.4,60.95,16.34,32.68,17.73,13.35,0,63.76
ODNR 6,2024-09-10,Inner Bay,18.73,18,8.21,466.1,8.78,55.81,0.23,0.03,0.59,1.4,0.01,0.55,170.02,0.58,2.94,53.7,54.28,18.44,18.43,18.73,6.53,0,43.69
Bridge,2024-09-10,Inner Bay,19.02,18,8.4,436.2,9.06,62.3,0.31,0.12,0.39,5.18,0.02,0.39,156.86,0.37,2.95,57.54,57.93,19.66,21.34,22.05,6.15,0,49.54
ODNR 2,2024-09-10,Outer Bay,19.36,19,8.52,401.7,9.07,73.07,0.26,0.16,0.63,1.12,0.01,0.33,149.48,0.62,2.68,60.21,60.84,22.74,22.37,29.23,7.45,0,59.05
Buoy 2,2024-09-10,Outer Bay,19.82,19,8.74,318.3,9.71,92.93,0.39,0.09,0.78,2.29,0.18,0.27,81.94,0.59,3.2,61.86,62.64,19.59,21.68,28.49,19.47,0.04,69.68
ODNR 1,2024-09-10,Outer Bay,20.21,19,8.62,276,8.95,46.71,0.32,0.09,0.56,0.87,0,0.16,63.68,0.55,1.44,35.86,36.42,25.37,11.98,15.33,9.79,0.01,37.11
EC 1163,2024-09-10,Outer Bay,20.38,19,8.64,266.1,8.66,37.98,0.19,0.07,0.34,1.31,0.01,0.16,48.74,0.33,1.67,30.65,30.99,18.57,7.05,11.08,9.32,0.12,27.57
Causeway,2024-09-10,Outer Bay,19.5,19,8.89,280.3,10.67,63.77,0.68,0.08,0.55,1.22,0.01,0.04,52.9,0.54,2.28,50.13,50.68,22.19,19.45,18.02,14.43,0,51.91
Bells,2024-09-10,Lake Erie,21.91,19,8.7,242.8,9.03,23.74,NA,NA,0.72,1.1,0.02,0.1,36.46,0.7,1.52,27.76,28.47,18.75,1.1,7.46,5.57,0.97,15.1
Muddy Creek,2024-09-17,Inner Bay,22.12,18,8.37,643.6,7.45,85.38,0.14,0.02,0.01,0.55,0.06,2.54,192.89,-0.05,7,75.15,75.16,10.73,36.02,18.22,15.69,0,69.94
ODNR 4,2024-09-17,Inner Bay,21.32,19,8.32,591.8,8.36,81.84,0.06,0.03,1.18,0.71,0.06,1.28,191.55,1.11,4.73,67.4,68.57,14.51,32.42,21.95,12.61,0,66.98
ODNR 6,2024-09-17,Inner Bay,21.39,19,8.1,518.7,7.63,55.08,0.09,0.02,0.25,0.59,0.04,0.3,185.06,0.21,3.61,53.73,53.98,14.95,20.54,17.07,6.61,0,44.23
Bridge,2024-09-17,Inner Bay,21.82,19,8.43,460.2,7.95,66.42,0.06,0.04,0.04,0.77,0.04,0.12,162.22,-0.01,3.9,61.15,61.19,15.7,19.42,20.56,7.68,0,47.66
ODNR 2,2024-09-17,Outer Bay,21.92,19,8.71,320.4,8.39,59.89,0.12,0.1,0.38,0.49,0.04,0.09,87.15,0.34,2.89,49.52,49.9,17.24,15.76,20.23,8.63,0,44.62
Buoy 2,2024-09-17,Outer Bay,21.25,19,8.66,291.6,8.8,50.59,0.52,0.35,0.53,0.71,0.04,0.15,65.18,0.49,1.8,40.4,40.93,22.78,13.42,15.15,9.62,0,38.19
ODNR 1,2024-09-17,Outer Bay,21.19,20,8.69,305.6,8.92,55.12,0.13,0.13,0.1,0.54,0.05,0.12,72.56,0.06,1.74,43.91,44.02,25.35,14.45,18.28,9.98,0,42.71
EC 1163,2024-09-17,Outer Bay,21.35,20,8.71,270.2,9.01,39.89,0.23,0.16,0.31,0.42,0.03,0.02,49.67,0.28,1.35,37.47,37.78,27.96,11.32,11.65,8.75,0,31.72
Causeway,2024-09-17,Outer Bay,21.39,20,8.67,303.6,8.95,53.35,0.16,0.09,0.1,0.66,0.04,0.25,56.99,0.07,1.71,48.31,48.41,28.38,18.59,13.5,12.35,0,44.44
Bells,2024-09-17,Lake Erie,22.23,20,8.69,251,8.84,29.36,NA,NA,-0.09,0.49,0.02,0.1,45.2,-0.11,1,27.38,27.29,27.43,3.61,8.43,8.6,0.49,21.12
Muddy Creek,2021-04-26,Inner Bay,10.3,6.7,8.89,653,11.31,89.03,0.4,0.02,63.42,0.95,1.07,0,4.89,62.38,4.49,84.03,147.45,32.85,14.29882353,0.43,8.379411765,2.596764706,25.70676471
ODNR 4,2021-04-26,Inner Bay,9.874,7.8,8.9,647,11.36,55.92,,,42.93,0.28,0.73,0,6.92,42.21,2.71,66.17,109.09,40.23,13.955,0.464259259,18.72388889,2.709814815,35.8537037
ODNR 6,2021-04-26,Inner Bay,10.167,8.3,9.12,573,11.73,76,0.17,,75.6,0,0.42,0.07,3.92,75.21,2.51,60.37,135.98,54.19,12.85210526,0.253157895,18.71526316,1.336315789,33.15736842
Bridge,2021-04-26,Inner Bay,10.05,8.3,9,524,11.73,69.36,0.06,,65.22,1.99,0.53,0,4.66,64.72,1.75,54.9,120.13,68.8,6.817954545,0.562045455,14.41704545,0.336818182,22.13181818
ODNR 2,2021-04-26,Outer Bay,10.503,9.4,9.12,383.8,11.53,19.95,0.04,,59.5,0.85,0.53,0,6.8,58.99,1.48,44.16,103.65,69.85,3.929565217,0.459347826,13.9026087,0.514782609,18.80543478
Buoy 2,2021-04-26,Outer Bay,10.309,8.9,9.1,386.4,12.25,22.81,0.03,0.04,86.59,3.12,0.83,0.06,9.26,85.8,1.36,43.47,130.06,95.42,1.729387755,0.396938776,5.175306122,0.289387755,7.592040816
ODNR 1,2021-04-26,Outer Bay,10.573,9.4,8.8,341.8,11.87,27.28,,,119.11,0,1.1,0,21.88,122.42,1.14,33.92,153.03,134.47,2.179302326,0.315813954,6.243488372,0.24372093,8.981162791
EC 1163,2021-04-26,Outer Bay,10.895,8.9,8.79,307.2,11.44,32.38,,,71.64,0.01,0.66,0,6.02,71.01,1.53,32.83,104.47,68.28,0.001071429,0.000357143,0,0,0.001428571
Causeway,2021-04-26,Outer Bay,,,,,,,,,,,,,,,,,,,,,,,
Bells,2021-04-26,Lake Erie,,,,,,,,,,,,,,,,,,,,,,,
Muddy Creek,2021-05-11,Inner Bay,8.05,7.8,7.59,279.4,10.29,14.18,0.07,0.04,579.84,36.75,4.18,3.67,83.12,365.41,20.67,169.95,749.79,36.27,2.5655,3.748166667,6.706666667,0.005,13.024
ODNR 4,2021-05-11,Inner Bay,8.05,8.3,7.66,360.5,9.96,61.97,,,553.06,26.62,4.77,2.58,82.04,361.34,17.41,99.62,652.68,37.49,3.059166667,3.406,7.771333333,0.068833333,14.30583333
ODNR 6,2021-05-11,Inner Bay,10.48,8.9,8.08,621,9.67,20.65,0.03,,430.4,23.75,7.21,0.6,70.21,327.98,4.49,100.04,530.44,118.22,12.14725,0.0475,20.74616667,3.0975,36.66633333
Bridge,2021-05-11,Inner Bay,11.06,7.8,8.53,559,10.82,88.49,0,,15.23,0,0.17,0,4.45,15.06,2.71,59.57,74.79,27.56,22.96266667,0.935833333,14.18983333,6.645166667,44.73416667
ODNR 2,2021-05-11,Outer Bay,11.57,9.4,8.6,547,11.32,79.9,0.06,,15.18,1.02,0.21,0.03,4.94,14.98,2.5,60.55,75.72,30.33,27.58016667,1.004166667,15.97983333,6.656,51.2205
Buoy 2,2021-05-11,Outer Bay,11.5,9.4,8.61,550,11.28,102.61,0.04,0.03,24.33,0.36,0.26,0,2.34,24.08,2.45,56.96,81.29,33.14,26.005,0.605666667,17.975,6.374166667,50.96016667
ODNR 1,2021-05-11,Outer Bay,11.65,9.4,8.62,542,11.47,49.95,,,18.75,0.11,0.23,0,2.47,18.53,2.4,57.05,75.8,31.56,28.2065,0.7985,17.89333333,6.995,53.893
EC 1163,2021-05-11,Outer Bay,11.89,10,8.61,448.2,11.28,89.97,,,29.01,0,0.3,0,1.37,28.72,1.68,49.3,78.31,46.53,16.05116667,0,15.96466667,3.300333333,35.3155
Causeway,2021-05-11,Outer Bay,,,,,,,,,,,,,,,,,,,,,,,
Bells,2021-05-11,Lake Erie,,,,,,,,,,,,,,,,,,,,,,,
Muddy Creek,2021-05-24,Inner Bay,23,17.8,8.06,483.2,7.03,16.23,0.06,0.06,375.63,163.02,10.4,0.3,58.89,365.44,5.08,101.15,476.78,93.93,9.572,1.896666667,20.718,1.969333333,34.15333333
ODNR 4,2021-05-24,Inner Bay,22.872,18.9,8.06,468,5.82,,,,296.08,6.61,6.72,0.02,14.7,289.55,5.17,118.87,414.95,80.21,14.846,5.863333333,24.09933333,6.724,51.532
ODNR 6,2021-05-24,Inner Bay,22.38,19.4,8.71,400.5,9.52,,0.13,,341.75,2.01,5.26,0.03,42.37,336.73,1.8,65.47,407.22,226.61,15.71428571,1.135714286,9.064285714,18.995,44.90714286
Bridge,2021-05-24,Inner Bay,22.948,21.1,8.12,507,6.73,9.36,0.06,,229.19,12.54,4.51,0.04,20.2,224.83,2.21,77.7,306.88,138.74,8.557333333,2.468666667,9.464666667,4.922,25.41266667
ODNR 2,2021-05-24,Outer Bay,22.074,21.1,8.27,547,7.86,,0.07,,92.32,3.57,1.42,0,15.74,90.97,0.93,29.34,121.66,131.38,1.985333333,0.454,0.054,1.804,4.298
Buoy 2,2021-05-24,Outer Bay,22.202,20,8.41,524,8.97,1.71,0,0,33.03,1.69,0.6,0,12.9,32.45,0.95,32.46,65.49,69.15,4.524,0.39,0,3.562,8.475333333
ODNR 1,2021-05-24,Outer Bay,22.135,19.4,8.25,546,8.34,,,,40.08,5.62,0.72,0,16.96,39.39,1.08,39.05,79.13,73,2.379333333,0.291333333,0,2.567333333,5.238666667
EC 1163,2021-05-24,Outer Bay,22.299,19.4,8.27,438.7,8.55,2.11,,,35.44,2.55,0.51,0,7.16,34.96,1.24,34.28,69.72,56.14,4.954,0.579,0.998,2.273,8.8
Causeway,2021-05-24,Outer Bay,,,,,,,,,,,,,,,,,,,,,,,
Bells,2021-05-24,Lake Erie,19.332,16.7,8.64,285.2,10.42,0.4,,,40.85,0.98,0.38,0,9.49,40.49,0.61,17.03,57.88,94.26,2.412666667,0,2.23,0,4.644666667
Muddy Creek,2021-06-07,Inner Bay,23.671,26.7,7.33,608,7.04,,,,470.75,8.22,6.69,0.54,74.47,464.06,3.94,87.89,558.64,141.86,0.039411765,0.374117647,0.038823529,0,0.452352941
ODNR 4,2021-06-07,Inner Bay,23.333,27.8,8.48,515,9.94,,,,180.59,1.79,3.27,0,23.49,177.32,2.87,86.27,266.86,92.95,16.40666667,0.068,28.37933333,7.812666667,52.66666667
ODNR 6,2021-06-07,Inner Bay,23.381,27.2,8.48,501,9.87,,0,0,163.29,1.27,2.74,0,30.99,160.55,1.67,65.79,229.08,137.26,8.245454545,0.516363636,0.219090909,9.169090909,18.14863636
Bridge,2021-06-07,Inner Bay,23.108,27.8,8.16,491.2,7.63,,0,0,175.69,7.24,3.4,0,21.31,172.29,2.03,73.93,249.62,123.21,8.665,0.806666667,3.501666667,5.388333333,18.36333333
ODNR 2,2021-06-07,Outer Bay,22.567,26.1,8.47,470.2,9.7,,0,0,179.7,1.16,2.96,0,32.45,176.74,1.49,65.17,244.87,164.45,,,,,
Buoy 2,2021-06-07,Outer Bay,22.559,22.8,8.68,453.3,10.92,,,,155.04,1.42,2.67,0,29.7,152.37,1.19,64.6,219.64,184.88,8.1955,0.2175,0.5095,8.8185,17.74
ODNR 1,2021-06-07,Outer Bay,22.949,26.1,863,444.4,10.93,,,,145.62,1.32,2.82,0,27.86,142.8,1.3,63.46,209.08,161.45,10.42190476,1.301428571,1.75,7.330952381,20.8047619
EC 1163,2021-06-07,Outer Bay,21.115,25.6,8.45,379.5,9.57,,,,87.88,1.8,1.81,0,27.96,86.09,1.06,39.68,127.56,120.91,3.286,0.7865,1.9225,2.062,8.0565
Causeway,2021-06-07,Outer Bay,,,,,,,,,,,,,,,,,,,,,,,
Bells,2021-06-07,Lake Erie,21.012,25,8.59,287.5,10.65,,,,25.84,0.61,0.43,0,24.13,25.42,0.89,30.92,56.76,63.84,4.3515,0.001,2.6565,4.98,11.9915
Muddy Creek,2021-06-14,Inner Bay,24.978,20,8,488.2,6.49,,,,665.76,21.94,10.51,0.72,85.88,655.25,5.75,101.97,767.73,133.56,9.310952381,3.056666667,18.71190476,2.12952381,33.20904762
ODNR 4,2021-06-14,Inner Bay,25.625,20,8.28,555,7.03,,,,286.99,20.5,4.9,0.07,55.09,282.09,2.82,84.66,371.65,131.93,5.568636364,1.292272727,2.909545455,3.015909091,12.78681818
ODNR 6,2021-06-14,Inner Bay,25.6,20,8.18,539,7.17,,0,0,99.14,9.14,2.66,0.03,33.79,96.58,2.45,75.39,174.52,71.2,12.3195,0.3735,0.757,5.8955,19.346
Bridge,2021-06-14,Inner Bay,26.046,21.1,7.99,515,6.4,,0,0.06,107.37,9.12,3.71,0.02,15.61,103.76,4.02,93.34,200.71,49.95,11.71333333,2.15,4.96125,3.4575,22.31375
ODNR 2,2021-06-14,Outer Bay,25.898,22.2,8.48,484,8.12,,0,0,99,8.49,2.67,0.05,32.55,96.43,1.69,80.37,179.37,106.01,12.39095238,1.452380952,1.83047619,7.243809524,22.91952381
Buoy 2,2021-06-14,Outer Bay,25.609,23.3,8.37,543.8,7.85,,,,99.94,6.31,2.62,0,30.9,97.42,1.71,73.24,173.18,101.33,7.525454545,0.343636364,0.886818182,4.236363636,12.99181818
ODNR 1,2021-06-14,Outer Bay,25.444,24.4,8.3,442,7.48,,,,131.27,3.21,3.02,0,40.91,128.25,1.29,65.46,196.73,152.5,5.217333333,0.638,0.857333333,1.553666667,8.266333333
EC 1163,2021-06-14,Outer Bay,25.222,23.9,8.53,397.5,8.6,,,,,,,,,,1.58,69.78,,,11.745,2.4255,0.8965,4.453,19.518
Causeway,2021-06-14,Outer Bay,,,,,,,,,,,,,,,,,,,,,,,
Bells,2021-06-14,Lake Erie,22.894,21.7,8.55,271,8.73,,,,,,,,,,0.39,34.58,,,1.181578947,0.238947368,0.633684211,0.555263158,2.609473684
Muddy Creek,2021-06-21,Inner Bay,24.658,26.6,8.56,519,8.82,,,,556.89,7.45,12.2,0.6,55.56,544.69,6.14,109.53,666.42,108.56,,,,,
ODNR 4,2021-06-21,Inner Bay,24.438,26.7,8.57,508,8.33,,,,361.06,0.88,7.07,0.15,15.64,353.99,4.83,106.59,467.65,96.88,8.8155,2.831,37.7875,4.761,54.196
ODNR 6,2021-06-21,Inner Bay,24.241,27,8.47,542,8.22,,0.12,,59,1.92,1.3,0.04,18.67,57.8,3.9,92.44,151.45,38.82,12.04375,8.1075,7.116875,5.729375,32.9975
Bridge,2021-06-21,Inner Bay,24.427,26.7,8.42,517,8.08,,0.37,0.13,62.03,18.92,1.73,0.13,7.4,60.39,3.65,92.42,154.45,42.36,7.8245,11.4295,6.8195,5.194,31.268
ODNR 2,2021-06-21,Outer Bay,,,,,,,,,,,,,,,,,,,,,,,
Buoy 2,2021-06-21,Outer Bay,,,,,,,,,,,,,,,,,,,,,,,
ODNR 1,2021-06-21,Outer Bay,,,,,,,,,,,,,,,,,,,,,,,
EC 1163,2021-06-21,Outer Bay,,,,,,,,,,,,,,,,,,,,,,,
Causeway,2021-06-21,Outer Bay,,,,,,,,,,,,,,,,,,,,,,,
Bells,2021-06-21,Lake Erie,,,,,,,,,,,,,,,,,,,,,,,
Muddy Creek,2021-06-28,Inner Bay,24.625,27.7,8.85,524,9.63,,,,285,3.37,5.63,0.2,1.39,279.37,5.18,82.7,367.7,70.97,16.99,8.226666667,47.36904762,11.61380952,84.20142857
ODNR 4,2021-06-28,Inner Bay,24.442,29.4,8.78,517,9.5,,,,14.11,0.93,0.45,0.02,1.65,13.67,3.4,54.83,68.93,20.25,16.92,8.622,18.964,8.502,53.008
ODNR 6,2021-06-28,Inner Bay,24.159,29.3,8.85,520,9.35,,0.66,0.08,70.14,0.25,0.9,0.01,7.62,69.37,3.05,54.39,124.53,40.84,,,,,
Bridge,2021-06-28,Inner Bay,25.03,32.2,8.7,466.2,8.9,,0.86,0.04,37.29,11.37,1.04,0.04,1.9,36.31,2.15,42.57,79.86,37.11,8.9745,6.7475,5.048,4.583,25.353
ODNR 2,2021-06-28,Outer Bay,23.882,35.8,8.99,330.8,11,,0.29,0.03,25.19,2.56,0.72,0,3.12,24.52,1.35,26.4,51.6,38.16,5.672777778,2.027222222,3.816666667,2.950555556,14.46833333
Buoy 2,2021-06-28,Outer Bay,24.233,32.4,8.96,392.4,10.65,,,,32.4,0,0.87,0,3.52,31.58,1.43,31.01,63.4,44.37,5.934117647,4.111176471,3.255294118,2.417647059,15.71941176
ODNR 1,2021-06-28,Outer Bay,25.131,31.9,9,450.9,11.52,,,,32.71,0.3,0.83,0,5.04,31.93,1.81,37.14,69.84,38.67,,,,,
EC 1163,2021-06-28,Outer Bay,24.061,31.9,8.88,420.3,10.52,,,,27.64,0.73,0.67,0,2.55,27.01,2,38.59,66.23,33.15,7.43,6.317777778,11.38888889,4.01,29.14833333
Causeway,2021-06-28,Outer Bay,,,,,,,,,,,,,,,,,,,,,,,
Bells,2021-06-28,Lake Erie,,,,,,,,,,,,,,,,,,,,,,,
Muddy Creek,2021-07-06,Inner Bay,25.852,26.67,8.34,367.3,,,,,543.04,0.38,8.84,1.73,98.83,534.2,6.09,82.61,625.65,102.75,9.594732143,1.646785714,12.91223214,2.994375,27.14875
ODNR 4,2021-07-06,Inner Bay,25.464,27.2,8.68,502,10.39,,,,215.77,5.62,4.54,0.15,36.12,211.23,4.03,101.48,317.25,78.66,21.32384615,2.750989011,25.58736264,9.816813187,59.47934066
ODNR 6,2021-07-06,Inner Bay,25.525,28.9,8.5,481.5,8.72,,0.07,0.16,0.58,0.64,0.03,0,19.35,0.56,,,,,26.19533333,8.530222222,6.249888889,9.840222222,50.81533333
Bridge,2021-07-06,Inner Bay,26.196,28.9,8.63,460.9,8.88,,0.18,0.91,24.79,4.76,0.86,0.09,9.74,23.96,3.32,86.9,111.69,33.68,23.11363636,7.575272727,7.727090909,6.840818182,45.25690909
ODNR 2,2021-07-06,Outer Bay,25.809,30,8.74,386.9,9.08,,0.13,0.23,0.14,2.91,0.01,0.03,7.66,0.13,1.96,43.09,43.23,22.1,17.27232323,5.395050505,5.168585859,3.584444444,31.42040404
Buoy 2,2021-07-06,Outer Bay,26.295,30,8.75,399.1,8.6,,,,0,2.97,0,0,15.57,0,2.22,50.05,50.05,22.57,15.69065934,5.860659341,4.600989011,2.854615385,29.00714286
ODNR 1,2021-07-06,Outer Bay,25.8,30.5,8.84,391.6,9.51,,,,0.26,2.16,0,0,3.98,0.26,1.87,48.63,48.89,26.21,13.75410256,5.612735043,2.587094017,3.50034188,25.45418803
EC 1163,2021-07-06,Outer Bay,25.555,31.1,8.82,383.2,9.48,,,,1.85,1.65,0.11,0,9.43,1.75,2.01,6.32,8.18,4.08,11.52538462,5.7875,10.84221154,2.910288462,31.06451923
Causeway,2021-07-06,Outer Bay,,,,,,,,,,,,,,,,,,,,,,,
Bells,2021-07-06,Lake Erie,24.53,30,9.05,278.8,10.23,,,,17.42,1.47,0.64,0,5.4,16.8,0.75,21.3,38.72,51.49,2.784496124,1.430232558,5.428449612,1.698914729,11.3420155
Muddy Creek,2021-07-12,Inner Bay,23.228,22.78,8.79,406.1,8.57,29.21,,,284.87,2.72,5.21,0.43,42.98,288.19,4.74,102.13,387,81.68,23.03222222,2.686481481,16.37666667,20.11851852,62.21462963
ODNR 4,2021-07-12,Inner Bay,23.369,23.89,8.69,463.4,7.87,42.35,,,11.83,1.85,0.36,0,14.3,11.49,4.57,108.17,120.01,26.28,36.284,8.553,12.0136,25.736,82.5874
ODNR 6,2021-07-12,Inner Bay,23.991,23.89,8.41,474.4,7.26,18.83,,0.09,304.96,1.99,5.34,0.21,44.15,291.67,3.49,74.23,379.19,108.81,20.92514286,8.681428571,0.056714286,25.12285714,54.78514286
Bridge,2021-07-12,Inner Bay,24.083,25,8.36,461,6.47,17.19,0.06,0.22,1.92,3.31,0.16,0.04,34.85,1.76,2.88,67.18,69.1,23.98,14.19594595,5.663063063,0.097927928,10.78018018,30.73702703
ODNR 2,2021-07-12,Outer Bay,24.055,25,8.55,428.7,7.91,13.33,,,0.88,8.75,0.04,0.07,19.92,0.84,2.63,56.5,57.38,21.79,18.5530137,7.890547945,0,10.21164384,36.65657534
Buoy 2,2021-07-12,Outer Bay,23.967,25,8.6,392.6,8.17,12.58,,,2.26,1.72,0.12,0,12.02,2.14,2.22,56.51,58.76,26.43,17.29647887,8.142816901,0.007605634,9.629859155,35.07661972
ODNR 1,2021-07-12,Outer Bay,24.057,25,8.63,401.2,8.33,13.68,,,1.13,3.03,0.11,0,26.9,1.02,2.06,54.86,55.98,27.2,16.72013333,7.8704,0,9.7452,34.33533333
EC 1163,2021-07-12,Outer Bay,23.97,23.89,8.54,349.6,7.55,13.58,,,6.52,4.26,0.02,0.01,0.05,6.5,1.94,55.35,61.87,31.92,16.40611111,7.175888889,0.096222222,9.619777778,33.298
Causeway,2021-07-12,Outer Bay,,,,,,,,,,,,,,,,,,,,,,,
Bells,2021-07-12,Lake Erie,,,,,,,,,,,,,,,,,,,,,,,
Muddy Creek,2021-07-19,Inner Bay,23.268,23.89,16.34,266.4,7.12,1.86,,,335.45,1.68,2.47,4.07,135.23,317.77,9.67,85.55,421,43.56,2.590208333,0.748125,2.530416667,2.222291667,8.091666667
ODNR 4,2021-07-19,Inner Bay,23.669,25,16.53,264.6,6.42,3.75,,,306.18,2.58,2.66,3,120.62,277.79,9.43,101.68,407.86,43.24,3.847692308,0.873846154,3.629423077,2.399807692,10.75096154
ODNR 6,2021-07-19,Inner Bay,25.796,25,16.69,469.8,25.796,32.94,0.08,0.03,79.68,2.6,1.98,0.1,22.51,77.75,4.03,100.3,179.97,44.64,32.96891892,5.30527027,20.14256757,24.66189189,83.07702703
Bridge,2021-07-19,Inner Bay,25.489,26.1,17.32,454.8,25.489,31.58,0.12,0.04,0.06,0,0.04,0.06,29.46,0.02,3,85.29,85.35,28.44,36.07787234,3.223191489,5.491595745,31.0993617,75.89180851
ODNR 2,2021-07-19,Outer Bay,25.855,26.1,17.03,436.1,25.855,28.12,0.25,0.06,1.88,0.33,0.2,0.03,27.96,1.68,3.27,80.58,82.46,25.2,27.68580247,4.431604938,5.049506173,21.44876543,58.6154321
Buoy 2,2021-07-19,Outer Bay,25.928,26.1,16.96,423.7,25.928,33.3,,,3.46,0.68,0.24,0.06,22.64,3.22,2.78,78.94,82.4,29.62,32.54734694,6.547857143,10.35734694,23.98193878,73.43438776
ODNR 1,2021-07-19,Outer Bay,26.367,26.1,16.99,410.6,26.367,18.95,,,0.42,0,0.02,0.01,27.79,0.41,2.47,62.53,62.95,25.54,29.10268041,5.013814433,4.014329897,13.86721649,51.99762887
EC 1163,2021-07-19,Outer Bay,26.539,26.1,16.93,404.7,26.539,13.26,,,,,,,,,,,,,21.02347107,6.684876033,1.090661157,11.34090909,40.14
Causeway,2021-07-19,Outer Bay,,,,,,,,,,,,,,,,,,,,,,,
Bells,2021-07-19,Lake Erie,27.263,27.22,16.11,260.7,27.263,2.04,,,30.36,0.96,0.53,0,23.09,29.85,0.5,25.96,56.32,113.09,0.424605263,0.070592105,2.184539474,3.922631579,6.602368421
Muddy Creek,2021-07-26,Inner Bay,24.8,25.56,10.25,331.8,7.29,,,,240.95,2.19,3.45,1.07,115.87,224.95,6.4,90.64,331.59,51.81,17.10833333,3.722166667,1.752166667,15.69783333,38.27933333
ODNR 4,2021-07-26,Inner Bay,25.231,26.67,12.8,298.4,8.09,,,,214.36,1.33,2.75,1.15,103.28,227.02,4.85,83.34,297.7,61.44,13.73366667,2.677,9.876666667,10.01883333,36.3065
ODNR 6,2021-07-26,Inner Bay,25.459,26.67,15.11,368.4,10.43,,0.09,0.06,95.39,1.39,1.76,0.02,59.23,93.73,2.87,81.95,177.34,61.81,10.71016667,1.674666667,7.097333333,5.826,25.308
Bridge,2021-07-26,Inner Bay,26.012,27.78,16.36,443.3,9.49,,0.05,0.18,5.32,36.58,0.48,0.04,4.78,4.84,2.86,84.59,89.91,31.43,39.3225,5.354166667,16.73483333,19.60733333,81.0195
ODNR 2,2021-07-26,Outer Bay,26.377,28.33,17.15,465.9,9.14,,0.13,0.24,0.72,1.36,0.06,0,28.7,0.66,2.53,64.26,64.97,25.72,30.3635,4.377833333,5.842166667,10.55783333,51.14133333
Buoy 2,2021-07-26,Outer Bay,26.18,27.78,17.12,455.8,9.78,,,,0.21,1.34,0.1,0,34.12,0.11,2.42,68.94,69.15,28.55,31.04033333,4.306833333,3.746333333,9.723333333,48.817
ODNR 1,2021-07-26,Outer Bay,26.654,28.33,17.03,426.8,11.22,,,,0.51,0.24,0.05,0,30.12,0.47,2.4,64.76,65.28,27.24,36.36883333,5.616166667,5.548333333,13.36033333,60.895
EC 1163,2021-07-26,Outer Bay,26.241,28.89,16.98,345.4,10.52,,,,,,,,,,,,,,22.25333333,6.1665,2.597666667,10.1865,41.20316667
Causeway,2021-07-26,Outer Bay,,,16.63,,,,,,,,,,,,,,,,,,,,
Bells,2021-07-26,Lake Erie,26.572,28.89,,276.2,11.31,,,,18.12,0.22,0.53,0,20.37,17.6,0.85,39.08,57.2,67.7,12.64933333,2.660166667,0.312833333,8.053,23.676
Muddy Creek,2021-08-02,Inner Bay,23.424,21.11,10.5,355.2,8.96,,,,106.1,1.85,2.85,0.51,75.88,103.36,,,,,26.88208333,1.905416667,35.46083333,18.81708333,83.06541667
ODNR 4,2021-08-02,Inner Bay,23.46,21.11,10.67,302.7,9.37,,,,72.1,0.55,1.39,0,35.64,70.8,,,,,30.22580645,4.896451613,48.62032258,19.25387097,102.9964516
ODNR 6,2021-08-02,Inner Bay,23.964,22.22,10.35,419.4,8.52,,0.23,0.05,0.19,0.72,0.05,0,45.73,0.14,,,,,38.11243243,8.504324324,14.08675676,19.45432432,80.15864865
Bridge,2021-08-02,Inner Bay,24.215,22.22,9.77,443.3,7.31,,0.1,0.06,0.25,1.19,0.06,0.02,27.47,0.19,,,,,22.72179487,7.049230769,7.013076923,10.64179487,47.42435897
ODNR 2,2021-08-02,Outer Bay,24.305,22.78,10.04,441.3,8.29,,0.16,0.08,0.21,0.44,0.03,0,32.58,0.18,,,,,26.03857143,6.195428571,5.367428571,11.61457143,49.21514286
Buoy 2,2021-08-02,Outer Bay,24.635,22.22,9.97,434.3,8.39,,,,0.09,0.14,0.02,0.05,43.58,0.06,,,,,19.08454545,7.606363636,0.136969697,7.571212121,34.39969697
ODNR 1,2021-08-02,Outer Bay,24.547,22.78,9.94,441.7,8.64,,,,2.9,0.19,0.24,0,22.14,2.66,,,,,17.38259259,7.219259259,0.285555556,7.739259259,32.62814815
EC 1163,2021-08-02,Outer Bay,24.98,22.78,10.53,352.8,10.34,,,,2.9,0.19,0.24,0,22.14,2.66,,,,,21.37842105,7.449736842,5.992631579,13.57131579,48.39184211
Causeway,2021-08-02,Outer Bay,,,,,,,,,,,,,,,,,,,,,,,
Bells,2021-08-02,Lake Erie,25.599,22.78,10.33,257.5,9.73,,,,,,,,,,,,,,2.022222222,1.257407407,2.892037037,4.69,10.86166667
Muddy Creek,2021-08-09,Inner Bay,25.964,26.11,9.66,334.1,7.37,,,,15.13,0.1,1.52,0.58,19.48,13.6,,,,,21,4.2871875,15.876875,13.1975,54.3621875
ODNR 4,2021-08-09,Inner Bay,25.685,27.22,9.9,313.6,8.27,,,,21.6,0,1.44,0.01,13.91,20.2,,,,,39.58373494,5.999036145,32.13650602,23.13879518,100.8585542
ODNR 6,2021-08-09,Inner Bay,25.614,27.78,9.77,405.5,6.98,,0.15,0.05,0,0,0.04,0.19,37.85,0,,,,,28.81582418,5.998791209,10.72516484,12.37912088,57.9189011
Bridge,2021-08-09,Inner Bay,26.047,28.89,9.59,413.9,6.62,,0.11,0.07,0.02,3.13,0.07,0.34,22.09,0,,,,,16.94322222,5.102333333,6.206444444,8.568111111,36.82033333
ODNR 2,2021-08-09,Outer Bay,25.684,28.89,9.82,411,8.11,,0.12,0.06,0.06,0,0.01,0.03,38.5,0.06,,,,,17.78225,6.71125,0.00725,8.269,32.769
Buoy 2,2021-08-09,Outer Bay,25.7,28.89,10,371.8,8.78,,,,0,0,0,0.03,29.35,0,,,,,21.12597561,5.630731707,1.405609756,9.356463415,37.5197561
ODNR 1,2021-08-09,Outer Bay,25.82,30,10.03,382.1,8.92,,,,0,0,0.02,0,41.37,0,,,,,18.46,6.561162791,0.278372093,8.708139535,34.00860465
EC 1163,2021-08-09,Outer Bay,25.918,30,10,349.3,9.23,,,,0,0,0,0,24.75,0,,,,,18.81263158,6.429736842,1.330789474,9.798421053,36.37184211
Causeway,2021-08-09,Outer Bay,,,,,,,,,,,,,,,,,,,,,,,
Bells,2021-08-09,Lake Erie,25.422,31.11,10.08,261.3,9.58,,,,,,,,,,,,,,2.54325,2.78825,0.37425,4.77625,10.48325
Muddy Creek,2021-08-16,Inner Bay,23.351,21.11,9.3,401.7,7.1,,,,0.53,0,0.23,1.82,21.29,0.27,,,,,29.88612245,7.494693878,26.03734694,18.79102041,82.21
ODNR 4,2021-08-16,Inner Bay,23.29,21.11,9.32,360.8,7.6,,,,0.11,0,0.08,0.95,4.55,0.02,6.86,99.12,99.23,14.47,37.50534884,12.26465116,31.38302326,21.26813953,102.42
ODNR 6,2021-08-16,Inner Bay,23.15,21.11,9.32,399.6,7.43,,0.11,0.07,0.08,0,0.05,0.43,21.63,0.02,3.26,55.16,55.23,16.94,22.664375,9.86921875,3.68484375,11.729375,47.94875
Bridge,2021-08-16,Inner Bay,23.305,21.11,9.47,389.4,7.52,,0.16,0,0.21,0,0.08,0.16,30.93,0.13,,,,,26.03073171,9.848780488,5.566829268,12.525,53.97085366
ODNR 2,2021-08-16,Outer Bay,23.369,21.11,9.28,436.4,7.8,,0.12,0.03,0.02,0,0.05,0.24,51.77,0,,,,,23.25193548,13.26564516,0.153548387,11.39774194,48.06854839
Buoy 2,2021-08-16,Outer Bay,23.933,21.11,9.96,404.2,8.44,,,,0,0,0.02,0.2,45.37,0,,,,,29.69703704,16.30962963,0.093703704,14.02037037,60.12222222
ODNR 1,2021-08-16,Outer Bay,23.861,21.11,9.54,397.7,8.73,,,,0.08,0,0.03,0.2,31.06,0.05,,,,,27.78828571,13.7505,0.024714286,13.10607143,54.66935714
EC 1163,2021-08-16,Outer Bay,23.864,22.22,9.82,373.5,8.44,,,,0,0,0.01,0,31.65,0,,,,,30.61295455,16.11079545,8.581704545,12.28136364,67.58761364
Causeway,2021-08-16,Outer Bay,,,,,,,,,,,,,,,,,,,,,,,
Bells,2021-08-16,Lake Erie,23.622,22.22,9.81,270.9,8.85,,,,,,,,,,,,,,0.864028777,4.897194245,5.455827338,12.13309353,23.35100719
Muddy Creek,2021-08-23,Inner Bay,27.993,23.89,9.8,525,7.29,,,,0.09,0.03,0.05,2.02,45.52,0.03,6.81,68.18,68.27,10.03,26.7852381,9.585714286,8.416428571,9.288452381,54.07630952
ODNR 4,2021-08-23,Inner Bay,27.896,26.11,10.32,435.7,7.51,,,,0.06,0,0.05,1.23,40.27,0,5.68,72.79,72.86,12.82,27.9178481,9.54556962,7.097721519,9.369493671,53.93113924
ODNR 6,2021-08-23,Inner Bay,26.673,27.22,10.13,409.4,7.12,,0.08,0,0.34,5.35,0.05,0.55,33.25,0.29,4.32,64.52,64.86,15.02,25.02459459,10.60594595,8.527117117,7.595405405,51.75369369
Bridge,2021-08-23,Inner Bay,26.835,27.22,9.96,383.7,5.92,,0.06,0.02,0.35,1.41,0.22,0.32,41.3,0.08,3.47,61.6,61.95,17.86,20.00309524,11.54634921,3.624365079,6.826984127,41.99992063
ODNR 2,2021-08-23,Outer Bay,27.267,27.22,10.34,384.4,9.17,,0.07,0.14,0.22,0.83,0.05,0.09,46.31,0.16,2.55,59.99,60.2,23.6,25.40704082,15.10316327,0.223061225,9.207959184,49.93969388
Buoy 2,2021-08-23,Outer Bay,27.024,27.22,10.28,379.4,8.83,,,,0.12,0.29,0.04,0.12,42.63,0.07,2.81,58.51,58.63,20.85,26.28650943,13.86103774,0.851509434,9.72490566,50.72349057
ODNR 1,2021-08-23,Outer Bay,26.816,27.22,10.3,631.4,9.09,,,,0.01,0.8,0.02,0,33.11,0,2.47,50.82,50.83,20.62,27.02699187,11.24926829,2.553089431,9.392845528,50.22227642
EC 1163,2021-08-23,Outer Bay,26.697,27.22,10.3,336.4,8.97,,,,0.01,0,0.04,0.01,28.49,0,2.15,47.69,47.71,22.17,23.46866029,10.28717703,3.607129187,8.463157895,45.8261244
Causeway,2021-08-23,Outer Bay,,,,,,,,,,,,,,,,,,,,,,,
Bells,2021-08-23,Lake Erie,26.591,27.22,10.52,253.7,10.46,,,,0.12,1.84,0.04,0,26.4,0.07,0.8,24.34,24.47,30.5,4.726391304,2.980782609,1.167782609,9.193565217,18.06826087
Muddy Creek,2021-08-30,Inner Bay,27.171,23.89,9.41,580,6.77,108.76,,,2.94,2.35,0.84,2.44,67.33,2.1,8.42,87.8,90.74,10.78,,,,,
ODNR 4,2021-08-30,Inner Bay,27.112,26.11,9.52,444,7.24,103.02,,,0.06,2.29,0.05,1.19,30.81,0.01,6.19,78.57,78.63,12.69,,,,,
ODNR 6,2021-08-30,Inner Bay,27.272,26.11,9.6,4164,7.61,79.4,0.09,0.05,0.01,0.69,0.04,1.15,68.1,0,4.66,67.1,67.11,14.4,,,,,
Bridge,2021-08-30,Inner Bay,27.428,26.11,9.67,394.4,7.47,92.42,0.28,0.07,0.04,0.79,0.04,0.01,40.48,0,3.49,72.54,72.58,20.81,,,,,
ODNR 2,2021-08-30,Outer Bay,27.627,27.22,10.04,387.9,8.41,65.64,0.12,0.04,0,0.28,0.03,0.36,62.05,0,3.58,63.48,63.48,17.72,,,,,
Buoy 2,2021-08-30,Outer Bay,27.806,27.78,10.13,373.6,8.3,90.16,,,0,0.69,0.07,0.33,46.5,0,3.09,62.87,62.87,20.37,,,,,
ODNR 1,2021-08-30,Outer Bay,28.218,27.22,10.38,346,9.82,80.78,,,0,0.21,0.02,0.02,48.63,0,2.7,66.07,66.07,24.46,,,,,
EC 1163,2021-08-30,Outer Bay,27.615,27.78,10.01,339.2,9.36,77.85,,,0.06,4.53,0.07,0,41.38,0,2.6,60.21,60.27,23.19,,,,,
Causeway,2021-08-30,Outer Bay,,,,,,,,,,,,,,,,,,,,,,,
Bells,2021-08-30,Lake Erie,,,,,,,,,,,,,,,,,,,,,,,
Muddy Creek,2021-09-07,Inner Bay,21.997,20,8.84,553,8.69,,,,2.12,1.37,1.53,1.32,53.21,0.57,7.45,89.59,91.71,12.3,,,,,
ODNR 4,2021-09-07,Inner Bay,22.081,21.11,8.91,427.7,8.83,,,,0,0.18,0.04,1.28,47.74,0,5.48,70.6,70.6,12.88,,,,,
ODNR 6,2021-09-07,Inner Bay,22.337,22.78,9.68,412.3,8.26,,0.11,0.07,0,1.18,0.05,1.07,59.64,0,4.11,62.76,62.76,15.29,,,,,
Bridge,2021-09-07,Inner Bay,22.841,23.89,9.16,415.2,8.04,,0.16,0,0,0.19,0.05,0.41,41.9,0,3.98,65.49,65.49,16.45,,,,,
ODNR 2,2021-09-07,Outer Bay,23.117,25,9.26,370.2,8.91,,0.12,0.03,0,0.1,0.04,0.33,63.55,0,3.57,66.53,66.53,18.65,,,,,
Buoy 2,2021-09-07,Outer Bay,23.306,26.11,9.42,336.8,8.99,,,,0,0.74,0.02,0.09,51.97,0,3.29,61.04,61.04,18.58,,,,,
ODNR 1,2021-09-07,Outer Bay,23.184,26.11,9.75,331.7,9.01,,,,0,0.04,0.04,0.11,42.51,0,2.94,58.34,58.34,19.84,,,,,
EC 1163,2021-09-07,Outer Bay,23.363,27.22,9.79,322.5,8.96,,,,0,0,0.02,0.16,45.31,0,2.86,53.84,53.84,18.82,,,,,
Causeway,2021-09-07,Outer Bay,,,,,,,,,,,,,,,,,,,,,,,
Bells,2021-09-07,Lake Erie,24.164,27.22,9.65,267.3,9.41,,,,0,0.1,0.01,0,41.52,0,1.76,43.12,43.12,24.53,,,,,
Muddy Creek,2021-09-13,Inner Bay,22.098,22.78,9.51,548,7.18,,,,0.07,0.76,0.07,1.39,46.95,0,6.89,85.09,85.17,12.36,,,,,
ODNR 4,2021-09-13,Inner Bay,22.095,23.33,9.81,443.1,8.34,,,,0,0.66,0.06,1.67,56.19,0,6.37,82.3,82.3,12.92,,,,,
ODNR 6,2021-09-13,Inner Bay,21.926,24.44,9.63,419.2,7.94,,,,0,0.33,0.02,0.53,51.11,0,3.87,67.04,67.04,17.31,,,,,
Bridge,2021-09-13,Inner Bay,,,,,,,,,,,,,,,,,,,,,,,
ODNR 2,2021-09-13,Outer Bay,22.481,,10.2,319.3,9.23,,,,0.03,1.64,0.07,0.18,37,0,3.05,62.28,62.32,20.44,,,,,
Buoy 2,2021-09-13,Outer Bay,,24.44,,,,,,,,,,,,,,,,,,,,,
ODNR 1,2021-09-13,Outer Bay,,,,,,,,,,,,,,,,,,,,,,,
EC 1163,2021-09-13,Outer Bay,22.541,27.22,10.15,310.8,9.03,,,,0,0.36,0.02,0,30.7,0,2.13,54.6,54.6,25.65,,,,,
Causeway,2021-09-13,Outer Bay,,,,,,,,,,,,,,,,,,,,,,,
Bells,2021-09-13,Lake Erie,,,,,,,,,,,,,,,,,,,,,,,
,,,,,,,,,,,,,,,,,,,,,,,,,
,,,,,,,,,,,,,,,,,,,,,,,,,
,,,,,,,,,,,,,,,,,,,,,,,,,
,,,,,,,,,,,,,,,,,,,,,,,,,
,,,,,,,,,,,,,,,,,,,,,,,,,
,,,,,,,,,,,,,,,,,,,,,,,,,
,,,,,,,,,,,,,,,,,,,,,,,,,
,,,,,,,,,,,,,,,,,,,,,,,,,
,,,,,,,,,,,,,,,,,,,,,,,,,
,,,,,,,,,,,,,,,,,,,,,,,,,
,,,,,,,,,,,,,,,,,,,,,,,,,
,,,,,,,,,,,,,,,,,,,,,,,,,
,,,,,,,,,,,,,,,,,,,,,,,,,
,,,,,,,,,,,,,,,,,,,,,,,,,
,,,,,,,,,,,,,,,,,,,,,,,,,
,,,,,,,,,,,,,,,,,,,,,,,,,
,,,,,,,,,,,,,,,,,,,,,,,,,